"contrast","type","sig.PVal","sig.FDR","pval_thresh","lfc_thresh","p_adj_method"
"Baseline_Supplement","down","69","0",0.1,0,"BH"
"Baseline_Supplement","nonsig","1816","1944",0.1,0,"BH"
"Baseline_Supplement","up","59","0",0.1,0,"BH"
"Training_CRE","down","89","0",0.1,0,"BH"
"Training_CRE","nonsig","1766","1942",0.1,0,"BH"
"Training_CRE","up","89","2",0.1,0,"BH"
"Training_PLA","down","130","0",0.1,0,"BH"
"Training_PLA","nonsig","1715","1943",0.1,0,"BH"
"Training_PLA","up","98","0",0.1,0,"BH"
"Supplement_Interaction","down","63","0",0.1,0,"BH"
"Supplement_Interaction","nonsig","1798","1942",0.1,0,"BH"
"Supplement_Interaction","up","82","1",0.1,0,"BH"
