uniprot_id,module_color,module_num,gene
P02144,brown,3,MB
P06732,yellow,4,CKM
P04075,turquoise,1,ALDOA
P04406,turquoise,1,GAPDH
P12277,blue,2,CKB
P07451,grey,0,CA3
Q13642,brown,3,FHL1
P68133,red,6,ACTA1
P06733,turquoise,1,ENO1
P13929,grey,0,ENO3
P60709,black,7,ACTB
P32119,yellow,4,PRDX2
P14618,grey,0,PKM
P60174,blue,2,TPI1
P09104,grey,0,ENO2
P18669,turquoise,1,PGAM1
P31415,brown,3,CASQ1
P00558,turquoise,1,PGK1
P04792,turquoise,1,HSPB1
P05976,red,6,MYL1
P11217,grey,0,PYGM
P02511,grey,0,CRYAB
P00338,grey,0,LDHA
P10916,red,6,MYL2
P00568,grey,0,AK1
P15090,turquoise,1,FABP4
P05413,blue,2,FABP3
O14983,grey,0,ATP2A1
P00918,yellow,4,CA2
P40925,blue,2,MDH1
P12883,red,6,MYH7
P15259,grey,0,PGAM2
P11216,grey,0,PYGB
P30041,turquoise,1,PRDX6
P48735,blue,2,IDH2
Q9UKX2,red,6,MYH2
Q96A32,black,7,MYLPF
P16615,brown,3,ATP2A2
P06576,blue,2,ATP5F1B
P40926,blue,2,MDH2
P25705,blue,2,ATP5F1A
P12882,black,7,MYH1
P08237,brown,3,PFKM
P23297,blue,2,S100A1
O14558,brown,3,HSPB6
P68104,turquoise,1,EEF1A1
O00757,grey,0,FBP2
P18085,turquoise,1,ARF4
P12235,blue,2,SLC25A4
P02585,black,7,TNNC2
P36871,grey,0,PGM1
P62258,turquoise,1,YWHAE
P17174,blue,2,GOT1
P17540,blue,2,CKMT2
P60660,black,7,MYL6
Q93084,brown,3,ATP2A3
P62979,turquoise,1,RPS27A
Q53GG5,brown,3,PDLIM3
P30086,brown,3,PEBP1
P07951,red,6,TPM2
P00441,turquoise,1,SOD1
P06744,grey,0,GPI
P07437,turquoise,1,TUBB
Q99497,grey,0,PARK7
P00505,blue,2,GOT2
P08590,red,6,MYL3
P00403,green,5,MT-CO2
Q06830,turquoise,1,PRDX1
P09972,brown,3,ALDOC
P99999,blue,2,CYCS
P09493,red,6,TPM1
P62937,turquoise,1,PPIA
P21695,turquoise,1,GPD1
P23528,turquoise,1,CFL1
P08670,turquoise,1,VIM
O75390,blue,2,CS
Q16698,blue,2,DECR1
P11142,turquoise,1,HSPA8
P40939,blue,2,HADHA
Q99798,blue,2,ACO2
P09382,turquoise,1,LGALS1
P30043,yellow,4,BLVRB
P24752,blue,2,ACAT1
P07355,turquoise,1,ANXA2
P50461,brown,3,CSRP3
O75112,red,6,LDB3
P14550,turquoise,1,AKR1A1
P28161,grey,0,GSTM2
Q00872,black,7,MYBPC1
P48788,black,7,TNNI2
P08133,turquoise,1,ANXA6
Q9Y281,brown,3,CFL2
P21796,blue,2,VDAC1
P10599,turquoise,1,TXN
Q14315,brown,3,FLNC
P0DP23,turquoise,1,CALM1
P45378,red,6,TNNT3
P07195,turquoise,1,LDHB
O00499,brown,3,BIN1
P49748,blue,2,ACADVL
P15121,grey,0,AKR1B1
P30048,blue,2,PRDX3
P55084,blue,2,HADHB
P04040,yellow,4,CAT
P26447,turquoise,1,S100A4
P22695,blue,2,UQCRC2
P68363,turquoise,1,TUBA1B
P12236,blue,2,SLC25A6
P05141,blue,2,SLC25A5
P62807,black,7,H2BC4
P68366,brown,3,TUBA4A
P07585,turquoise,1,DCN
Q9Y235,brown,3,APOBEC2
P07900,turquoise,1,HSP90AA1
Q05639,brown,3,EEF1A2
P56134,blue,2,ATP5MF
Q8WZ42,red,6,TTN
Q86TD4,brown,3,SRL
P0DMV8,turquoise,1,HSPA1A
P10606,green,5,COX5B
P63316,red,6,TNNC1
Q13228,turquoise,1,SELENBP1
P30084,blue,2,ECHS1
O00483,blue,2,NDUFA4
O75964,blue,2,ATP5MG
P07737,turquoise,1,PFN1
P36542,blue,2,ATP5F1C
Q9GZV1,brown,3,ANKRD2
P31930,green,5,UQCRC1
Q16836,blue,2,HADH
Q96HC4,red,6,PDLIM5
P61981,grey,0,YWHAG
O60240,turquoise,1,PLIN1
P24310,green,5,COX7A1
P07108,turquoise,1,DBI
P04179,blue,2,SOD2
P06753,red,6,TPM3
P68371,turquoise,1,TUBB4B
Q6ZMU5,brown,3,TRIM72
P13073,green,5,COX4I1
Q16851,grey,0,UGP2
P48047,blue,2,ATP5PO
P04083,turquoise,1,ANXA1
P51884,turquoise,1,LUM
O14958,blue,2,CASQ2
P09417,grey,0,QDPR
Q96DG6,brown,3,CMBL
P54296,red,6,MYOM2
Q09666,turquoise,1,AHNAK
Q04760,brown,3,GLO1
P14174,turquoise,1,MIF
Q9Y277,green,5,VDAC3
P09211,turquoise,1,GSTP1
Q13011,blue,2,ECH1
P06396,turquoise,1,GSN
Q00325,blue,2,SLC25A3
O75947,blue,2,ATP5PD
Q8N142,brown,3,ADSS1
Q6NZI2,turquoise,1,CAVIN1
P00846,blue,2,MT-ATP6
P19237,red,6,TNNI1
Q9UBY9,brown,3,HSPB7
P04080,turquoise,1,CSTB
O75298,brown,3,RTN2
P13796,turquoise,1,LCP1
P35609,red,6,ACTN2
Q13423,blue,2,NNT
P13805,red,6,TNNT1
P30044,grey,0,PRDX5
Q9Y2J8,brown,3,PADI2
Q9UDW1,blue,2,UQCR10
P13804,blue,2,ETFA
P33121,grey,0,ACSL1
P35754,brown,3,GLRX
P07954,blue,2,FH
P49773,yellow,4,HINT1
P11055,black,7,MYH3
O75323,blue,2,NIPSNAP2
P02794,green,5,FTH1
P45880,green,5,VDAC2
Q6FI13,black,7,HIST2H2AA3
P14621,brown,3,ACYP2
P09669,green,5,COX6C
P20674,green,5,COX5A
P47985,green,5,UQCRFS1
P00387,turquoise,1,CYB5R3
P08238,turquoise,1,HSP90AB1
P22061,yellow,4,PCMT1
P62805,red,6,H4C1
P07602,turquoise,1,PSAP
P42126,blue,2,ECI1
Q9UHQ9,brown,3,CYB5R1
Q9H7C9,brown,3,AAMDC
Q00169,turquoise,1,PITPNA
P56385,blue,2,ATP5ME
P14927,blue,2,UQCRB
Q9NRX4,brown,3,PHPT1
P61758,grey,0,VBP1
P00450,yellow,4,CP
Q07021,blue,2,C1QBP
P00325,turquoise,1,ADH1B
P35573,green,5,AGL
P10768,yellow,4,ESD
Q9NZU5,brown,3,LMCD1
P63241,turquoise,1,EIF5A
P30049,blue,2,ATP5F1D
P16671,turquoise,1,CD36
Q96Q06,turquoise,1,PLIN4
P13693,grey,0,TPT1
P08574,green,5,CYC1
O60662,brown,3,KLHL41
Q9NZ45,blue,2,CISD1
P31040,blue,2,SDHA
P07919,green,5,UQCRH
P55786,brown,3,NPEPPS
Q9BQ69,blue,2,MACROD1
Q9UN36,grey,0,NDRG2
Q9H0U4,turquoise,1,RAB1B
Q9NZN4,turquoise,1,EHD2
P61970,yellow,4,NUTF2
O75369,brown,3,FLNB
P18206,turquoise,1,VCL
Q03135,turquoise,1,CAV1
P20929,red,6,NEB
P06737,yellow,4,PYGL
P43155,blue,2,CRAT
P50502,turquoise,1,ST13
Q04828,turquoise,1,AKR1C1
P61088,grey,0,UBE2N
P14625,turquoise,1,HSP90B1
P22392,turquoise,1,NME2
Q9NQC3,grey,0,RTN4
P36957,blue,2,DLST
Q5VXT5,brown,3,SYPL2
P62826,turquoise,1,RAN
P46976,blue,2,GYG1
P13489,turquoise,1,RNH1
P11766,turquoise,1,ADH5
P42765,blue,2,ACAA2
P63104,turquoise,1,YWHAZ
P54652,brown,3,HSPA2
P10809,blue,2,HSPD1
P24539,green,5,ATP5PB
P21333,turquoise,1,FLNA
O75915,turquoise,1,ARL6IP5
P11177,blue,2,PDHB
P12814,black,7,ACTN1
P14854,green,5,COX6B1
P49411,blue,2,TUFM
Q16775,brown,3,HAGH
Q01995,turquoise,1,TAGLN
P28331,green,5,NDUFS1
P09622,blue,2,DLD
Q02218,blue,2,OGDH
O75208,blue,2,COQ9
P10515,blue,2,DLAT
Q8NI60,blue,2,COQ8A
O75746,green,5,SLC25A12
Q00688,grey,0,FKBP3
Q96IX5,blue,2,ATP5MD
P13639,grey,0,EEF2
O43707,black,7,ACTN4
P08559,blue,2,PDHA1
P26038,turquoise,1,MSN
P78417,turquoise,1,GSTO1
P07738,yellow,4,BPGM
Q8N335,blue,2,GPD1L
Q9P2R7,blue,2,SUCLA2
P22314,turquoise,1,UBA1
P11310,blue,2,ACADM
P21912,blue,2,SDHB
P49189,grey,0,ALDH9A1
P09467,grey,0,FBP1
P51888,turquoise,1,PRELP
Q14353,brown,3,GAMT
Q9NR31,turquoise,1,SAR1A
Q16853,turquoise,1,AOC3
P21266,blue,2,GSTM3
P35232,blue,2,PHB
P07237,turquoise,1,P4HB
P02792,turquoise,1,FTL
Q8TCA0,brown,3,LRRC20
P15954,blue,2,COX7C
Q9H4M9,turquoise,1,EHD1
P37840,yellow,4,SNCA
P61224,turquoise,1,RAP1B
P31946,turquoise,1,YWHAB
P84243,black,7,H3-3A
Q08209,turquoise,1,PPP3CA
O96000,green,5,NDUFB10
P60903,turquoise,1,S100A10
P52565,turquoise,1,ARHGDIA
P24298,blue,2,GPT
Q00765,turquoise,1,REEP5
P16219,blue,2,ACADS
Q16531,brown,3,DDB1
P05091,turquoise,1,ALDH2
P07339,turquoise,1,CTSD
P00352,turquoise,1,ALDH1A1
P49753,blue,2,ACOT2
P50395,turquoise,1,GDI2
P62191,yellow,4,PSMC1
P09488,grey,0,GSTM1
O14949,green,5,UQCRQ
P62942,turquoise,1,FKBP1A
Q9NTK5,grey,0,OLA1
Q99623,blue,2,PHB2
P20073,yellow,4,ANXA7
Q9UBQ7,blue,2,GRHPR
P19404,green,5,NDUFV2
Q15365,brown,3,PCBP1
O75083,grey,0,WDR1
P38117,blue,2,ETFB
P51452,brown,3,DUSP3
P23109,brown,3,AMPD1
P35080,brown,3,PFN2
P60842,turquoise,1,EIF4A1
Q16082,brown,3,HSPB2
Q9UM54,blue,2,MYO6
Q9UJS0,blue,2,SLC25A13
P26678,brown,3,PLN
P17858,brown,3,PFKL
P27105,yellow,4,STOM
P63098,turquoise,1,PPP3R1
P38646,blue,2,HSPA9
P61077,grey,0,UBE2D3
P10644,brown,3,PRKAR1A
P01019,yellow,4,AGT
P84077,turquoise,1,ARF1
P53597,blue,2,SUCLG1
P37837,turquoise,1,TALDO1
Q6YN16,blue,2,HSDL2
Q01469,turquoise,1,FABP5
Q9NWV4,grey,0,CZIB
Q99584,turquoise,1,S100A13
Q9UHP9,grey,0,SMPX
Q9H0N5,brown,3,PCBD2
P48147,brown,3,PREP
P63208,yellow,4,SKP1
P18124,turquoise,1,RPL7
P31937,blue,2,HIBADH
P29692,grey,0,EEF1D
P55072,turquoise,1,VCP
P00491,yellow,4,PNP
Q96AQ6,brown,3,PBXIP1
Q9NP98,red,6,MYOZ1
P60953,turquoise,1,CDC42
P13716,yellow,4,ALAD
P50213,blue,2,IDH3A
P49821,green,5,NDUFV1
Q6NVY1,blue,2,HIBCH
P17612,grey,0,PRKACA
O95831,blue,2,AIFM1
Q02978,blue,2,SLC25A11
P52179,red,6,MYOM1
Q9BWH2,brown,3,FUNDC2
P42330,turquoise,1,AKR1C3
P17661,red,6,DES
P54920,yellow,4,NAPA
P61604,blue,2,HSPE1
Q8NDY3,brown,3,ADPRHL1
Q16795,green,5,NDUFA9
Q9UKS6,brown,3,PACSIN3
Q13057,turquoise,1,COASY
O95299,green,5,NDUFA10
P49368,turquoise,1,CCT3
O14880,red,6,MGST3
P35579,turquoise,1,MYH9
P54289,brown,3,CACNA2D1
P09960,grey,0,LTA4H
Q9UIJ7,blue,2,AK3
P61978,turquoise,1,HNRNPK
Q9UBF9,red,6,MYOT
P21291,turquoise,1,CSRP1
Q9H4A4,grey,0,RNPEP
P13807,blue,2,GYS1
Q16718,green,5,NDUFA5
Q16891,blue,2,IMMT
A8MU46,brown,3,SMTNL1
Q9H0P0,brown,3,NT5C3A
P16157,yellow,4,ANK1
P18859,green,5,ATP5PF
P24534,grey,0,EEF1B2
P51148,turquoise,1,RAB5C
Q9P0J0,green,5,NDUFA13
P28066,yellow,4,PSMA5
P40123,brown,3,CAP2
P31949,turquoise,1,S100A11
O43676,green,5,NDUFB3
P09429,turquoise,1,HMGB1
P30153,grey,0,PPP2R1A
P07099,turquoise,1,EPHX1
P11166,yellow,4,SLC2A1
P13861,brown,3,PRKAR2A
P68036,grey,0,UBE2L3
Q9UHG3,turquoise,1,PCYOX1
Q13643,brown,3,FHL3
P02545,black,7,LMNA
O14561,green,5,NDUFAB1
P51668,brown,3,UBE2D1
P01034,turquoise,1,CST3
P30566,grey,0,ADSL
Q16778,red,6,HIST2H2BE
P16152,turquoise,1,CBR1
P52209,yellow,4,PGD
P54578,yellow,4,USP14
Q16555,turquoise,1,DPYSL2
P63244,turquoise,1,RACK1
Q01432,brown,3,AMPD3
Q96IU4,turquoise,1,ABHD14B
Q8NCW5,blue,2,NAXE
O15382,blue,2,BCAT2
P37802,turquoise,1,TAGLN2
P05387,black,7,RPLP2
Q6IBS0,brown,3,TWF2
O14818,yellow,4,PSMA7
P19367,grey,0,HK1
P25789,yellow,4,PSMA4
Q14324,black,7,MYBPC2
P56556,green,5,NDUFA6
P50995,grey,0,ANXA11
Q96MF2,brown,3,STAC3
Q9BS92,blue,2,NIPSNAP3B
P23526,yellow,4,AHCY
O95168,green,5,NDUFB4
O75489,green,5,NDUFS3
P30038,blue,2,ALDH4A1
P25787,yellow,4,PSMA2
P14649,red,6,MYL6B
Q15819,yellow,4,UBE2V2
O94760,grey,0,DDAH1
Q99643,blue,2,SDHC
P30626,yellow,4,SRI
P23327,brown,3,HRC
P13987,turquoise,1,CD59
O00151,red,6,PDLIM1
P31948,yellow,4,STIP1
P52907,turquoise,1,CAPZA1
P20774,turquoise,1,OGN
Q14240,grey,0,EIF4A2
P04632,turquoise,1,CAPNS1
P22626,turquoise,1,HNRNPA2B1
Q9HB71,turquoise,1,CACYBP
P60900,yellow,4,PSMA6
P25311,yellow,4,AZGP1
P51649,blue,2,ALDH5A1
Q92530,yellow,4,PSMF1
Q9Y3D6,blue,2,FIS1
P30101,turquoise,1,PDIA3
P22352,turquoise,1,GPX3
P12111,black,7,COL6A3
P27338,blue,2,MAOB
P29401,turquoise,1,TKT
O43678,green,5,NDUFA2
P13798,yellow,4,APEH
P61586,turquoise,1,RHOA
O15273,red,6,TCAP
P20231,turquoise,1,TPSB2
P11021,turquoise,1,HSPA5
P21817,brown,3,RYR1
O95810,turquoise,1,CAVIN2
Q9BVC6,grey,0,TMEM109
O00330,blue,2,PDHX
O75874,turquoise,1,IDH1
P39687,turquoise,1,ANP32A
Q9BRX8,turquoise,1,PRXL2A
P27824,turquoise,1,CANX
P26641,blue,2,EEF1G
Q9Y5Z4,brown,3,HEBP2
P78371,yellow,4,CCT2
Q15746,brown,3,MYLK
P51149,turquoise,1,RAB7A
O60664,grey,0,PLIN3
P28838,grey,0,LAP3
P23381,blue,2,WARS1
P27816,turquoise,1,MAP4
P24666,turquoise,1,ACP1
P12109,black,7,COL6A1
Q08043,grey,0,ACTN3
Q13557,brown,3,CAMK2D
P11277,yellow,4,SPTB
P34949,blue,2,MPI
Q01484,blue,2,ANK2
P61026,grey,0,RAB10
Q5SSJ5,red,6,HP1BP3
O14950,turquoise,1,MYL12B
Q15185,grey,0,PTGES3
P46109,grey,0,CRKL
P25788,grey,0,PSMA3
O75923,brown,3,DYSF
P30046,yellow,4,DDT
P04899,turquoise,1,GNAI2
Q8IVN3,yellow,4,MUSTN1
P51970,green,5,NDUFA8
P17987,yellow,4,TCP1
P20618,grey,0,PSMB1
Q15843,grey,0,NEDD8
P62249,red,6,RPS16
Q13813,turquoise,1,SPTAN1
Q9NY65,blue,2,TUBA8
Q9Y490,turquoise,1,TLN1
Q7Z4W1,blue,2,DCXR
P51636,turquoise,1,CAV2
Q9BTV4,turquoise,1,TMEM43
Q9NPJ3,blue,2,ACOT13
P58546,turquoise,1,MTPN
P54819,blue,2,AK2
Q92523,blue,2,CPT1B
O43837,blue,2,IDH3B
P62851,turquoise,1,RPS25
P07203,yellow,4,GPX1
Q13085,brown,3,ACACA
P62333,turquoise,1,PSMC6
Q9BXN1,turquoise,1,ASPN
P07384,yellow,4,CAPN1
O14521,blue,2,SDHD
P14314,turquoise,1,PRKCSH
O75438,green,5,NDUFB1
P05386,turquoise,1,RPLP1
P00367,turquoise,1,GLUD1
Q99536,turquoise,1,VAT1
Q15056,grey,0,EIF4H
Q8NB12,red,6,SMYD1
O75521,blue,2,ECI2
Q13404,yellow,4,UBE2V1
Q01518,turquoise,1,CAP1
P02753,yellow,4,RBP4
Q7Z3D6,blue,2,DGLUCY
P60981,turquoise,1,DSTN
Q16134,blue,2,ETFDH
P09936,grey,0,UCHL1
Q08257,blue,2,CRYZ
Q9Y394,grey,0,DHRS7
O00410,blue,2,IPO5
O75531,red,6,BANF1
P67775,brown,3,PPP2CA
P43304,blue,2,GPD2
Q14195,grey,0,DPYSL3
O43488,turquoise,1,AKR7A2
Q9NSE4,blue,2,IARS2
Q9UNZ2,grey,0,NSFL1C
P35268,turquoise,1,RPL22
Q9H8H3,turquoise,1,METTL7A
P62873,turquoise,1,GNB1
A6NDG6,blue,2,PGP
Q00610,turquoise,1,CLTC
P50993,brown,3,ATP1A2
P54725,yellow,4,RAD23A
O60888,brown,3,CUTA
P31939,yellow,4,ATIC
P42704,blue,2,LRPPRC
P16083,grey,0,NQO2
Q13522,grey,0,PPP1R1A
P30520,grey,0,ADSS2
P08294,turquoise,1,SOD3
Q96A26,blue,2,FAM162A
P25786,grey,0,PSMA1
O75380,green,5,NDUFS6
P09525,turquoise,1,ANXA4
P23284,turquoise,1,PPIB
P46777,turquoise,1,RPL5
Q9UII2,green,5,ATP5IF1
P55822,brown,3,SH3BGR
O14732,brown,3,IMPA2
Q96FJ2,brown,3,DYNLL2
P20340,turquoise,1,RAB6A
P23396,red,6,RPS3
Q96RP9,blue,2,GFM1
P05023,brown,3,ATP1A1
P54727,yellow,4,RAD23B
Q9BSH4,blue,2,TACO1
P49721,yellow,4,PSMB2
P48163,grey,0,ME1
Q15233,turquoise,1,NONO
Q9BX68,blue,2,HINT2
O75251,green,5,NDUFS7
P05452,turquoise,1,CLEC3B
P46020,blue,2,PHKA1
Q9NX63,blue,2,CHCHD3
Q5BKX8,brown,3,CAVIN4
Q9Y376,brown,3,CAB39
Q86SX6,blue,2,GLRX5
P21399,turquoise,1,ACO1
P35613,blue,2,BSG
P13797,turquoise,1,PLS3
Q13885,turquoise,1,TUBB2A
P36969,grey,0,GPX4
Q9Y613,brown,3,FHOD1
P60891,yellow,4,PRPS1
Q5XKP0,blue,2,MICOS13
P61457,grey,0,PCBD1
P26885,turquoise,1,FKBP2
Q8N8N7,blue,2,PTGR2
Q96AB3,blue,2,ISOC2
Q14974,turquoise,1,KPNB1
O75306,green,5,NDUFS2
O75347,turquoise,1,TBCA
Q99733,grey,0,NAP1L4
P23786,blue,2,CPT2
Q9Y623,red,6,MYH4
P40227,yellow,4,CCT6A
P46734,brown,3,MAP2K3
Q9H0E2,brown,3,TOLLIP
Q6UXV4,blue,2,APOOL
P54284,brown,3,CACNB3
P00390,yellow,4,GSR
P28070,yellow,4,PSMB4
P16930,turquoise,1,FAH
P61769,turquoise,1,B2M
P05556,turquoise,1,ITGB1
Q2TBA0,brown,3,KLHL40
O75155,brown,3,CAND2
Q15907,turquoise,1,RAB11B
P62140,grey,0,PPP1CB
P52758,blue,2,RIDA
P07741,turquoise,1,APRT
P35555,turquoise,1,FBN1
P11586,grey,0,MTHFD1
Q9Y6M9,green,5,NDUFB9
P34932,yellow,4,HSPA4
P54922,brown,3,ADPRH
P35241,brown,3,RDX
P29218,blue,2,IMPA1
Q9UBQ5,blue,2,EIF3K
P28074,yellow,4,PSMB5
O95210,brown,3,STBD1
P12110,black,7,COL6A2
O60936,brown,3,NOL3
Q9Y2Q3,blue,2,GSTK1
P60866,turquoise,1,RPS20
O43813,grey,0,LANCL1
P00395,green,5,MT-CO1
Q9UKX3,red,6,MYH13
P46783,grey,0,RPS10
P52895,turquoise,1,AKR1C2
Q9NSD9,brown,3,FARSB
P17931,turquoise,1,LGALS3
Q15149,red,6,PLEC
Q9Y6C9,green,5,MTCH2
Q9HC38,yellow,4,GLOD4
Q9Y6B6,blue,2,SAR1B
P27797,turquoise,1,CALR
Q9Y512,blue,2,SAMM50
P46926,grey,0,GNPDA1
P46781,brown,3,RPS9
P17152,blue,2,TMEM11
Q15181,turquoise,1,PPA1
O75608,blue,2,LYPLA1
P00167,turquoise,1,CYB5A
P45974,yellow,4,USP5
Q9NR12,black,7,PDLIM7
Q9H0W9,brown,3,C11orf54
P62244,red,6,RPS15A
P63000,turquoise,1,RAC1
Q9NTM9,grey,0,CUTC
Q9BRA2,turquoise,1,TXNDC17
P08865,turquoise,1,RPSA
P62136,grey,0,PPP1CA
Q702N8,brown,3,XIRP1
P21810,turquoise,1,BGN
Q9BUF5,turquoise,1,TUBB6
O95563,blue,2,MPC2
P50991,yellow,4,CCT4
P28072,yellow,4,PSMB6
Q93034,brown,3,CUL5
Q9Y3A5,brown,3,SBDS
P62750,turquoise,1,RPL23A
O95817,brown,3,BAG3
P51858,turquoise,1,HDGF
P05026,brown,3,ATP1B1
P19338,turquoise,1,NCL
Q9NZA1,brown,3,CLIC5
Q06323,yellow,4,PSME1
P61247,grey,0,RPS3A
P50990,yellow,4,CCT8
Q04637,brown,3,EIF4G1
Q9P0L0,grey,0,VAPA
P23434,blue,2,GCSH
P11171,yellow,4,EPB41
P15531,yellow,4,NME1
P52564,brown,3,MAP2K6
P48643,yellow,4,CCT5
P31150,grey,0,GDI1
Q8IW45,brown,3,NAXD
Q13425,turquoise,1,SNTB2
Q9Y2Z9,blue,2,COQ6
P25398,grey,0,RPS12
A6NNS2,brown,3,DHRS7C
P30085,yellow,4,CMPK1
Q15404,turquoise,1,RSU1
P62906,turquoise,1,RPL10A
P17655,turquoise,1,CAPN2
P68402,yellow,4,PAFAH1B2
P67809,grey,0,YBX1
P51572,turquoise,1,BCAP31
Q99832,yellow,4,CCT7
Q15631,grey,0,TSN
P49720,yellow,4,PSMB3
P47756,black,7,CAPZB
P00492,yellow,4,HPRT1
Q9H1R3,brown,3,MYLK2
O95139,green,5,NDUFB6
Q16181,turquoise,1,SEPTIN7
P06748,grey,0,NPM1
Q13867,yellow,4,BLMH
Q9UMS6,red,6,SYNPO2
P61956,turquoise,1,SUMO2
Q9H223,turquoise,1,EHD4
Q14697,turquoise,1,GANAB
P62879,turquoise,1,GNB2
Q9Y305,blue,2,ACOT9
O14957,blue,2,UQCR11
O43399,turquoise,1,TPD52L2
P05388,black,7,RPLP0
P15374,blue,2,UCHL3
P45954,blue,2,ACADSB
P46782,grey,0,RPS5
P02751,yellow,4,FN1
Q14204,turquoise,1,DYNC1H1
Q14103,turquoise,1,HNRNPD
Q9Y6H1,grey,0,CHCHD2
Q12988,brown,3,HSPB3
P51648,grey,0,ALDH3A2
Q86VP6,yellow,4,CAND1
P55268,black,7,LAMB2
O43920,green,5,NDUFS5
Q15555,brown,3,MAPRE2
Q9UFN0,blue,2,NIPSNAP3A
Q13698,brown,3,CACNA1S
Q99714,blue,2,HSD17B10
O95298,green,5,NDUFC2
P30405,blue,2,PPIF
Q15435,yellow,4,PPP1R7
Q13526,brown,3,PIN1
P55290,grey,0,CDH13
Q13418,turquoise,1,ILK
O14653,blue,2,GOSR2
P20810,yellow,4,CAST
O43776,blue,2,NARS1
P27348,turquoise,1,YWHAQ
P10636,brown,3,MAPT
Q9BS26,turquoise,1,ERP44
Q9NX14,green,5,NDUFB11
Q9UQ80,yellow,4,PA2G4
P46940,turquoise,1,IQGAP1
O00629,blue,2,KPNA4
P07858,turquoise,1,CTSB
P51812,brown,3,RPS6KA3
Q99757,blue,2,TXN2
P25325,yellow,4,MPST
Q13510,turquoise,1,ASAH1
O75822,brown,3,EIF3J
P03886,blue,2,MT-ND1
O75891,blue,2,ALDH1L1
P51553,blue,2,IDH3G
O43852,grey,0,CALU
O00159,turquoise,1,MYO1C
Q9NZQ9,red,6,TMOD4
Q9Y6E2,brown,3,BZW2
O95747,yellow,4,OXSR1
O14773,turquoise,1,TPP1
Q96MG2,brown,3,JSRP1
Q16816,green,5,PHKG1
P14406,blue,2,COX7A2
P03915,green,5,MT-ND5
P28482,turquoise,1,MAPK1
P35270,grey,0,SPR
O94826,grey,0,TOMM70
Q08623,grey,0,PUDP
P23142,turquoise,1,FBLN1
O15173,turquoise,1,PGRMC2
P53004,yellow,4,BLVRA
O00299,turquoise,1,CLIC1
Q9UI09,green,5,NDUFA12
Q8WTS6,grey,0,SETD7
Q15124,brown,3,PGM5
P47755,black,7,CAPZA2
Q99807,blue,2,COQ7
P55010,blue,2,EIF5
O76070,turquoise,1,SNCG
P14866,turquoise,1,HNRNPL
Q9BW30,grey,0,TPPP3
P48556,grey,0,PSMD8
O43708,blue,2,GSTZ1
Q7Z406,brown,3,MYH14
Q01082,turquoise,1,SPTBN1
P21397,turquoise,1,MAOA
P10301,turquoise,1,RRAS
P14868,brown,3,DARS1
P61019,grey,0,RAB2A
P63151,grey,0,PPP2R2A
Q9NR28,blue,2,DIABLO
Q9NZJ6,blue,2,COQ3
Q96FV2,grey,0,SCRN2
Q8IWX7,blue,2,UNC45B
P61163,turquoise,1,ACTR1A
P61925,grey,0,PKIA
Q14914,blue,2,PTGR1
Q9Y3F4,grey,0,STRAP
P30837,blue,2,ALDH1B1
P11940,red,6,PABPC1
P48506,yellow,4,GCLC
Q9UM22,blue,2,EPDR1
P15880,brown,3,RPS2
Q96KP4,turquoise,1,CNDP2
Q5VST9,red,6,OBSCN
Q99627,grey,0,COPS8
P62753,red,6,RPS6
P62269,grey,0,RPS18
O60493,turquoise,1,SNX3
Q8N1G4,brown,3,LRRC47
Q92629,brown,3,SGCD
O75832,yellow,4,PSMD10
P17980,yellow,4,PSMC3
O95169,green,5,NDUFB8
Q9BSE5,grey,0,AGMAT
Q15848,grey,0,ADIPOQ
P35998,yellow,4,PSMC2
Q16543,blue,2,CDC37
O14737,grey,0,PDCD5
Q99436,yellow,4,PSMB7
P02750,turquoise,1,LRG1
P19971,turquoise,1,TYMP
Q96FW1,grey,0,OTUB1
P62993,brown,3,GRB2
Q16762,blue,2,TST
P04843,turquoise,1,RPN1
Q9Y4W6,blue,2,AFG3L2
Q5VYK3,brown,3,ECPAS
Q14847,turquoise,1,LASP1
P11532,brown,3,DMD
P03891,blue,2,MT-ND2
Q9ULC4,blue,2,MCTS1
P31943,turquoise,1,HNRNPH1
O43598,blue,2,DNPH1
P62857,turquoise,1,RPS28
P00966,grey,0,ASS1
Q04446,grey,0,GBE1
P29972,yellow,4,AQP1
Q9H9P8,green,5,L2HGDH
P41567,blue,2,EIF1
Q15370,brown,3,ELOB
P16298,brown,3,PPP3CB
O00505,blue,2,KPNA3
Q13630,yellow,4,TSTA3
P16989,brown,3,YBX3
Q15084,turquoise,1,PDIA6
Q9HDC9,turquoise,1,APMAP
Q07020,turquoise,1,RPL18
P04216,turquoise,1,THY1
Q15121,turquoise,1,PEA15
Q9Y5L4,blue,2,TIMM13
Q9NQR4,blue,2,NIT2
Q6IAN0,brown,3,DHRS7B
O95336,turquoise,1,PGLS
O00487,yellow,4,PSMD14
Q96MF6,green,5,COQ10A
Q15642,brown,3,TRIP10
Q9BXI3,brown,3,NT5C1A
Q15366,grey,0,PCBP2
Q14011,brown,3,CIRBP
Q02221,green,5,COX6A2
P67936,turquoise,1,TPM4
O00217,green,5,NDUFS8
Q9NVS9,blue,2,PNPO
Q9BXK5,blue,2,BCL2L13
Q13310,brown,3,PABPC4
P46019,blue,2,PHKA2
P12429,blue,2,ANXA3
Q8WW22,brown,3,DNAJA4
P05165,blue,2,PCCA
Q01105,turquoise,1,SET
Q93100,green,5,PHKB
Q9BT78,yellow,4,COPS4
P48637,yellow,4,GSS
Q96C23,blue,2,GALM
P62081,yellow,4,RPS7
Q9BVK6,turquoise,1,TMED9
O15145,turquoise,1,ARPC3
P62701,red,6,RPS4X
Q9NUQ9,grey,0,FAM49B
O00764,turquoise,1,PDXK
Q13424,brown,3,SNTA1
Q02952,turquoise,1,AKAP12
Q7L5N1,grey,0,COPS6
P08572,black,7,COL4A2
O95292,red,6,VAPB
Q16595,blue,2,FXN
P62847,red,6,RPS24
Q9UL25,brown,3,RAB21
Q15046,blue,2,KARS1
Q8IWW8,blue,2,ADHFE1
P17568,green,5,NDUFB7
A6NCE7,grey,0,MAP1LC3B2
P13473,turquoise,1,LAMP2
Q13554,brown,3,CAMK2B
Q99873,brown,3,PRMT1
Q16881,brown,3,TXNRD1
P15088,turquoise,1,CPA3
P98160,black,7,HSPG2
Q9BXW7,blue,2,HDHD5
Q9H2U2,blue,2,PPA2
Q9NVJ2,grey,0,ARL8B
Q9H7Z7,blue,2,PTGES2
O95573,brown,3,ACSL3
Q9UBI6,turquoise,1,GNG12
O60884,brown,3,DNAJA2
P46776,turquoise,1,RPL27A
O43396,yellow,4,TXNL1
Q9NYL2,brown,3,MAP3K20
Q04917,turquoise,1,YWHAH
P55060,brown,3,CSE1L
Q92734,turquoise,1,TFG
O60749,turquoise,1,SNX2
Q8WUM4,turquoise,1,PDCD6IP
P39019,turquoise,1,RPS19
Q15257,yellow,4,PTPA
P59998,turquoise,1,ARPC4
Q13363,blue,2,CTBP1
Q00059,blue,2,TFAM
O00264,turquoise,1,PGRMC1
P30050,turquoise,1,RPL12
O75223,blue,2,GGCT
Q9UJ70,turquoise,1,NAGK
Q93052,turquoise,1,LPP
Q15102,yellow,4,PAFAH1B3
O15511,turquoise,1,ARPC5
Q9UHV9,brown,3,PFDN2
P62829,grey,0,RPL23
P42766,grey,0,RPL35
Q96CM8,blue,2,ACSF2
O95182,green,5,NDUFA7
Q9UHY7,brown,3,ENOPH1
Q13200,green,5,PSMD2
Q9Y570,yellow,4,PPME1
P14324,yellow,4,FDPS
P61201,grey,0,COPS2
Q92841,turquoise,1,DDX17
Q13326,brown,3,SGCG
Q8N4T8,blue,2,CBR4
Q9BZL1,brown,3,UBL5
Q9H9S4,grey,0,CAB39L
P35749,turquoise,1,MYH11
Q9HCP6,brown,3,HHATL
Q9H479,yellow,4,FN3K
O75368,turquoise,1,SH3BGRL
P46939,grey,0,UTRN
P31153,grey,0,MAT2A
Q9UNM6,grey,0,PSMD13
P20807,green,5,CAPN3
P40429,black,7,RPL13A
O00232,brown,3,PSMD12
P21964,grey,0,COMT
Q02252,grey,0,ALDH6A1
P12268,brown,3,IMPDH2
Q9NZM1,brown,3,MYOF
Q16401,yellow,4,PSMD5
Q8N3L3,brown,3,TXLNB
P56381,blue,2,ATP5F1E
Q86X55,brown,3,CARM1
Q9H299,turquoise,1,SH3BGRL3
Q16585,brown,3,SGCB
Q5VTT5,red,6,MYOM3
Q9Y3I1,yellow,4,FBXO7
Q02750,grey,0,MAP2K1
P63167,grey,0,DYNLL1
Q9Y6N5,grey,0,SQOR
Q9UL46,turquoise,1,PSME2
O75131,turquoise,1,CPNE3
Q9NTX5,turquoise,1,ECHDC1
Q12797,turquoise,1,ASPH
Q13555,brown,3,CAMK2G
Q9BUR5,blue,2,APOO
Q9BR39,brown,3,JPH2
P20962,turquoise,1,PTMS
Q13508,brown,3,ART3
P11047,black,7,LAMC1
Q01130,turquoise,1,SRSF2
Q14249,blue,2,ENDOG
O43760,yellow,4,SYNGR2
P13010,turquoise,1,XRCC5
Q9H6F2,brown,3,TMEM38A
Q9NRG7,blue,2,SDR39U1
Q9NVH6,blue,2,TMLHE
P57105,blue,2,SYNJ2BP
Q9BRC7,brown,3,PLCD4
P62314,grey,0,SNRPD1
Q13976,brown,3,PRKG1
O60313,blue,2,OPA1
O75396,turquoise,1,SEC22B
P55809,grey,0,OXCT1
O15212,brown,3,PFDN6
P30536,turquoise,1,TSPO
P49419,grey,0,ALDH7A1
O00231,grey,0,PSMD11
O00429,blue,2,DNM1L
P14543,black,7,NID1
Q92506,blue,2,HSD17B8
Q9BX66,turquoise,1,SORBS1
Q13442,grey,0,PDAP1
P51991,turquoise,1,HNRNPA3
P07305,red,6,H1-0
Q9NVD7,turquoise,1,PARVA
P83111,blue,2,LACTB
Q16658,turquoise,1,FSCN1
Q9HDC5,brown,3,JPH1
P62277,red,6,RPS13
P62899,red,6,RPL31
Q15582,turquoise,1,TGFBI
P46459,turquoise,1,NSF
O14744,brown,3,PRMT5
O60784,brown,3,TOM1
P63302,grey,0,SELENOW
Q92905,brown,3,COPS5
Q14118,grey,0,DAG1
P49458,grey,0,SRP9
Q9HCU5,grey,0,PREB
Q13561,grey,0,DCTN2
P55036,yellow,4,PSMD4
P36776,blue,2,LONP1
P35637,turquoise,1,FUS
Q15417,turquoise,1,CNN3
O75128,brown,3,COBL
Q9Y3I0,grey,0,RTCB
Q9UHD8,turquoise,1,SEPTIN9
P63173,grey,0,RPL38
P05198,brown,3,EIF2S1
O43772,blue,2,SLC25A20
Q07960,turquoise,1,ARHGAP1
Q9UBW8,brown,3,COPS7A
Q15369,blue,2,ELOC
P11182,blue,2,DBT
Q02338,blue,2,BDH1
P43034,brown,3,PAFAH1B1
Q8TDX7,brown,3,NEK7
P82909,blue,2,MRPS36
O43414,brown,3,ERI3
P61081,brown,3,UBE2M
P62917,grey,0,RPL8
O43181,green,5,NDUFS4
P08708,grey,0,RPS17
P61225,turquoise,1,RAP2B
P49755,turquoise,1,TMED10
Q9UN37,brown,3,VPS4A
Q16586,brown,3,SGCA
P54646,blue,2,PRKAA2
Q9ULA0,brown,3,DNPEP
O94903,blue,2,PLPBP
P61106,turquoise,1,RAB14
P26373,turquoise,1,RPL13
P11233,turquoise,1,RALA
P33176,grey,0,KIF5B
Q99460,brown,3,PSMD1
O60925,brown,3,PFDN1
Q8NBX0,blue,2,SCCPDH
Q14BN4,brown,3,SLMAP
Q92947,blue,2,GCDH
Q99685,turquoise,1,MGLL
Q0VDG4,blue,2,SCRN3
Q9BV79,blue,2,MECR
Q12931,blue,2,TRAP1
O43583,blue,2,DENR
O94919,brown,3,ENDOD1
Q9H8M1,blue,2,COQ10B
Q15019,turquoise,1,SEPTIN2
P61086,brown,3,UBE2K
P07814,brown,3,EPRS1
Q13098,brown,3,GPS1
Q9NVE7,blue,2,PANK4
O43390,turquoise,1,HNRNPR
O95782,turquoise,1,AP2A1
Q6XQN6,yellow,4,NAPRT
P12955,turquoise,1,PEPD
P50225,turquoise,1,SULT1A1
P63220,red,6,RPS21
Q9NZ08,grey,0,ERAP1
Q969X5,turquoise,1,ERGIC1
P62841,turquoise,1,RPS15
Q99541,brown,3,PLIN2
Q12805,turquoise,1,EFEMP1
P26440,blue,2,IVD
P18621,turquoise,1,RPL17
O60506,turquoise,1,SYNCRIP
P26599,turquoise,1,PTBP1
P62241,red,6,RPS8
Q8WW59,blue,2,SPRYD4
Q9NY33,yellow,4,DPP3
O14618,yellow,4,CCS
P03928,blue,2,MT-ATP8
Q9NX40,blue,2,OCIAD1
Q9HBL0,turquoise,1,TNS1
Q14152,brown,3,EIF3A
Q00577,grey,0,PURA
Q9BSJ8,turquoise,1,ESYT1
Q96I99,blue,2,SUCLG2
P39656,red,6,DDOST
P26640,brown,3,VARS1
P61353,red,6,RPL27
Q13683,turquoise,1,ITGA7
Q8TAT6,brown,3,NPLOC4
P22830,blue,2,FECH
Q9H4G4,turquoise,1,GLIPR2
Q9BZQ8,grey,0,NIBAN1
Q96CN7,brown,3,ISOC1
Q9NUJ1,blue,2,ABHD10
Q86Y39,blue,2,NDUFA11
Q9BYV2,blue,2,TRIM54
P62318,grey,0,SNRPD3
P23368,blue,2,ME2
P43686,grey,0,PSMC4
O00442,brown,3,RTCA
O43674,green,5,NDUFB5
O94905,grey,0,ERLIN2
O75340,turquoise,1,PDCD6
Q9BS40,yellow,4,LXN
Q15836,turquoise,1,VAMP3
O95372,brown,3,LYPLA2
P63027,turquoise,1,VAMP2
P62424,red,6,RPL7A
P63279,turquoise,1,UBE2I
Q86VF7,brown,3,NRAP
P62195,grey,0,PSMC5
P54619,blue,2,PRKAG1
P12956,grey,0,XRCC6
P22234,yellow,4,PAICS
Q13126,yellow,4,MTAP
P53985,blue,2,SLC16A1
P01903,turquoise,1,HLA-DRA
Q9NRY5,yellow,4,FAM114A2
Q9BRF8,grey,0,CPPED1
P04844,grey,0,RPN2
O43169,brown,3,CYB5B
P43490,blue,2,NAMPT
Q9UQM7,brown,3,CAMK2A
O43765,grey,0,SGTA
Q99439,turquoise,1,CNN2
Q2TAA2,blue,2,IAH1
Q9BSL1,grey,0,UBAC1
P09497,turquoise,1,CLTB
P09651,turquoise,1,HNRNPA1
P51687,blue,2,SUOX
Q9UJY1,red,6,HSPB8
O00233,yellow,4,PSMD9
Q96PE7,blue,2,MCEE
Q9NTG7,blue,2,SIRT3
Q9NQW7,brown,3,XPNPEP1
Q15691,turquoise,1,MAPRE1
Q07955,grey,0,SRSF1
P34896,grey,0,SHMT1
Q13247,turquoise,1,SRSF6
P55795,turquoise,1,HNRNPH2
Q6UW68,brown,3,TMEM205
P30040,turquoise,1,ERP29
P50570,turquoise,1,DNM2
Q02641,brown,3,CACNB1
Q9NP79,grey,0,VTA1
Q03154,blue,2,ACY1
Q05682,turquoise,1,CALD1
P18077,turquoise,1,RPL35A
P43487,yellow,4,RANBP1
Q9UNE7,brown,3,STUB1
P50579,brown,3,METAP2
A5YM72,grey,0,CARNS1
Q7L1Q6,blue,2,BZW1
P08311,turquoise,1,CTSG
P53778,brown,3,MAPK12
O75431,green,5,MTX2
P48507,yellow,4,GCLM
Q16563,grey,0,SYPL1
Q96AC1,turquoise,1,FERMT2
Q00839,turquoise,1,HNRNPU
Q86X76,brown,3,NIT1
Q5HYK3,blue,2,COQ5
Q5XPI4,brown,3,RNF123
P35606,grey,0,COPB2
O15061,red,6,SYNM
Q15436,grey,0,SEC23A
O60763,brown,3,USO1
P49591,grey,0,SARS1
P41250,brown,3,GARS1
O60234,grey,0,GMFG
P45381,brown,3,ASPA
Q96G03,yellow,4,PGM2
P01116,turquoise,1,KRAS
Q8WY91,blue,2,THAP4
Q9GZT8,yellow,4,NIF3L1
Q9UBF6,brown,3,RNF7
P62280,brown,3,RPS11
P62888,red,6,RPL30
P48059,turquoise,1,LIMS1
O95865,turquoise,1,DDAH2
Q9Y4G6,turquoise,1,TLN2
Q6GMV3,brown,3,PTRHD1
Q6P587,blue,2,FAHD1
O60318,brown,3,MCM3AP
Q53GQ0,grey,0,HSD17B12
O43491,turquoise,1,EPB41L2
O14979,grey,0,HNRNPDL
Q9NVA2,turquoise,1,SEPTIN11
P61960,turquoise,1,UFM1
P53041,blue,2,PPP5C
P62633,brown,3,CNBP
P36543,grey,0,ATP6V1E1
O95197,turquoise,1,RTN3
P27361,turquoise,1,MAPK3
Q9UHX1,grey,0,PUF60
Q13492,turquoise,1,PICALM
Q49B96,green,5,COX19
Q9BWD1,yellow,4,ACAT2
P13667,turquoise,1,PDIA4
Q96C01,blue,2,FAM136A
Q96QK1,turquoise,1,VPS35
Q13131,brown,3,PRKAA1
Q5JTJ3,blue,2,COA6
Q02878,turquoise,1,RPL6
Q8NE86,blue,2,MCU
O75436,turquoise,1,VPS26A
P56211,brown,3,ARPP19
O15144,turquoise,1,ARPC2
Q03013,grey,0,GSTM4
Q96CV9,blue,2,OPTN
P62330,turquoise,1,ARF6
Q13162,turquoise,1,PRDX4
O43237,turquoise,1,DYNC1LI2
P29144,green,5,TPP2
P08397,yellow,4,HMBS
Q12904,brown,3,AIMP1
O95433,yellow,4,AHSA1
P52943,turquoise,1,CRIP2
P61158,turquoise,1,ACTR3
O75663,yellow,4,TIPRL
O75688,brown,3,PPM1B
Q53FT3,brown,3,HIKESHI
P47897,blue,2,QARS1
Q08380,turquoise,1,LGALS3BP
Q93008,grey,0,USP9X
Q96CX2,turquoise,1,KCTD12
Q9GZP4,yellow,4,PITHD1
Q9H1E5,brown,3,TMX4
P21980,yellow,4,TGM2
P22033,blue,2,MMUT
Q99426,brown,3,TBCB
O95989,grey,0,NUDT3
O95167,green,5,NDUFA3
Q9UKU7,blue,2,ACAD8
P53999,turquoise,1,SUB1
P55263,turquoise,1,ADK
P05455,turquoise,1,SSB
P11279,turquoise,1,LAMP1
P47813,brown,3,EIF1AX
O75534,brown,3,CSDE1
P98095,turquoise,1,FBLN2
P62820,turquoise,1,RAB1A
Q00013,yellow,4,MPP1
P35914,blue,2,HMGCL
Q4VC31,blue,2,CCDC58
Q9UHA4,turquoise,1,LAMTOR3
Q92499,blue,2,DDX1
P63010,turquoise,1,AP2B1
Q9NQE9,brown,3,HINT3
P55039,grey,0,DRG2
Q9Y5U8,grey,0,MPC1
Q15008,grey,0,PSMD6
Q86WU2,blue,2,LDHD
P55209,turquoise,1,NAP1L1
P04439,turquoise,1,HLA-A
P07910,turquoise,1,HNRNPC
P27695,turquoise,1,APEX1
O00168,brown,3,FXYD1
Q9NX46,brown,3,ADPRHL2
Q9Y2R0,blue,2,COA3
Q9P003,grey,0,CNIH4
Q8TEA8,grey,0,DTD1
P61160,turquoise,1,ACTR2
Q9GZT3,green,5,SLIRP
Q04323,grey,0,UBXN1
Q8NDH3,brown,3,NPEPL1
Q96DH6,brown,3,MSI2
Q9UBQ0,turquoise,1,VPS29
P62263,turquoise,1,RPS14
Q9NUU7,brown,3,DDX19A
P06730,yellow,4,EIF4E
Q13409,turquoise,1,DYNC1I2
P22105,turquoise,1,TNXB
Q04837,blue,2,SSBP1
P41236,brown,3,PPP1R2
O43615,blue,2,TIMM44
Q96S19,brown,3,METTL26
Q5T440,blue,2,IBA57
O14980,green,5,XPO1
P83731,grey,0,RPL24
Q9UBX5,turquoise,1,FBLN5
P38606,yellow,4,ATP6V1A
Q9H993,brown,3,ARMT1
Q14165,grey,0,MLEC
Q6DKJ4,brown,3,NXN
P55884,brown,3,EIF3B
Q13838,grey,0,DDX39B
Q9UMY4,grey,0,SNX12
Q9Y4J8,brown,3,DTNA
Q5TFE4,blue,2,NT5DC1
P15104,grey,0,GLUL
O76003,grey,0,GLRX3
P29992,turquoise,1,GNA11
Q8TCT8,brown,3,SPPL2A
P32969,red,6,RPL9
P35813,brown,3,PPM1A
Q9BRG1,grey,0,VPS25
P03897,green,5,MT-ND3
P36959,grey,0,GMPR
O43633,grey,0,CHMP2A
Q9UI30,grey,0,TRMT112
P61313,turquoise,1,RPL15
Q99471,grey,0,PFDN5
P49247,yellow,4,RPIA
P55042,brown,3,RRAD
P62070,grey,0,RRAS2
Q709C8,blue,2,VPS13C
Q13907,blue,2,IDI1
P36578,red,6,RPL4
P54136,brown,3,RARS1
Q8NBS9,turquoise,1,TXNDC5
Q8NE71,brown,3,ABCF1
Q9H2H8,grey,0,PPIL3
Q8TCD5,grey,0,NT5C
Q9H0R4,grey,0,HDHD2
Q13177,grey,0,PAK2
Q8TB45,brown,3,DEPTOR
O60256,grey,0,PRPSAP2
Q9BYT8,grey,0,NLN
Q96K17,brown,3,BTF3L4
Q9UKY7,grey,0,CDV3
P60228,brown,3,EIF3E
P61020,brown,3,RAB5B
P36405,turquoise,1,ARL3
Q9Y371,grey,0,SH3GLB1
Q13884,grey,0,SNTB1
P15170,brown,3,GSPT1
Q15208,grey,0,STK38
P41091,grey,0,EIF2S3
Q3ZCQ8,brown,3,TIMM50
O95373,brown,3,IPO7
Q14203,grey,0,DCTN1
Q12907,turquoise,1,LMAN2
P56181,green,5,NDUFV3
O00571,turquoise,1,DDX3X
Q13619,brown,3,CUL4A
Q96DC8,grey,0,ECHDC3
Q9C0E8,turquoise,1,LNPK
Q96GG9,yellow,4,DCUN1D1
Q9Y3D2,blue,2,MSRB2
Q9Y237,brown,3,PIN4
P52788,blue,2,SMS
Q9UKV8,yellow,4,AGO2
Q8NI37,blue,2,PPTC7
Q15293,turquoise,1,RCN1
Q9BZV1,brown,3,UBXN6
Q13618,brown,3,CUL3
P35611,yellow,4,ADD1
O75348,grey,0,ATP6V1G1
P30622,brown,3,CLIP1
Q99613,brown,3,EIF3C
O43242,grey,0,PSMD3
O43681,turquoise,1,ASNA1
Q08211,turquoise,1,DHX9
Q8N5M1,blue,2,ATPAF2
O75821,grey,0,EIF3G
Q14061,blue,2,COX17
Q15526,blue,2,SURF1
O43865,brown,3,AHCYL1
O00186,brown,3,STXBP3
Q8N2U0,yellow,4,TMEM256
P04921,turquoise,1,GYPC
Q9HA65,brown,3,TBC1D17
O00423,brown,3,EML1
Q14108,grey,0,SCARB2
P09543,turquoise,1,CNP
Q14257,grey,0,RCN2
Q5JRX3,blue,2,PITRM1
Q9NZL9,grey,0,MAT2B
Q8WYQ3,blue,2,CHCHD10
Q99829,grey,0,CPNE1
P38159,turquoise,1,RBMX
P08962,turquoise,1,CD63
Q10567,turquoise,1,AP1B1
Q00G26,brown,3,PLIN5
P53990,grey,0,IST1
Q15363,turquoise,1,TMED2
Q9P032,blue,2,NDUFAF4
Q9Y6P5,brown,3,SESN1
P22102,blue,2,GART
Q9NWU1,blue,2,OXSM
Q96AN5,blue,2,TMEM143
Q8N5G0,blue,2,SMIM20
P03905,blue,2,MT-ND4
Q96JJ7,grey,0,TMX3
P21281,grey,0,ATP6V1B2
O15400,turquoise,1,STX7
Q9NP97,turquoise,1,DYNLRB1
P84095,turquoise,1,RHOG
Q9Y230,turquoise,1,RUVBL2
Q13617,brown,3,CUL2
P26583,yellow,4,HMGB2
P50416,blue,2,CPT1A
Q8IWA5,grey,0,SLC44A2
P34897,blue,2,SHMT2
Q8N4Q0,blue,2,ZADH2
P28907,grey,0,CD38
Q9UNS2,blue,2,COPS3
Q16773,blue,2,KYAT1
P28289,yellow,4,TMOD1
P19623,turquoise,1,SRM
Q15075,turquoise,1,EEA1
Q8WUD1,green,5,RAB2B
Q9HBH5,blue,2,RDH14
P60520,brown,3,GABARAPL2
Q13616,brown,3,CUL1
P49441,grey,0,INPP1
P31942,grey,0,HNRNPH3
Q8IZ83,yellow,4,ALDH16A1
Q9NRV9,yellow,4,HEBP1
Q9HBI1,brown,3,PARVB
Q96DB5,blue,2,RMDN1
O95479,brown,3,H6PD
Q13564,brown,3,NAE1
Q9BRT3,yellow,4,MIEN1
Q09028,brown,3,RBBP4
O00303,grey,0,EIF3F
Q9HA64,grey,0,FN3KRP
O75351,grey,0,VPS4B
P42677,grey,0,RPS27
P14735,grey,0,IDE
Q9Y696,turquoise,1,CLIC4
Q9UMS0,blue,2,NFU1
Q9NR45,turquoise,1,NANS
P62913,grey,0,RPL11
O43374,grey,0,RASA4
O15498,blue,2,YKT6
Q96I23,blue,2,PYURF
Q53H82,blue,2,LACTB2
Q9H3N1,turquoise,1,TMX1
Q9H3H3,grey,0,C11orf68
O95376,brown,3,ARIH2
Q9Y2R5,blue,2,MRPS17
Q04759,brown,3,PRKCQ
Q9Y5M8,blue,2,SRPRB
P52566,turquoise,1,ARHGDIB
Q16527,grey,0,CSRP2
Q9Y4E8,yellow,4,USP15
P37235,grey,0,HPCAL1
Q86V88,grey,0,MDP1
P39059,black,7,COL15A1
P52815,blue,2,MRPL12
O00748,brown,3,CES2
P09110,blue,2,ACAA1
Q06124,turquoise,1,PTPN11
Q14116,grey,0,IL18
P35659,turquoise,1,DEK
Q96AG4,turquoise,1,LRRC59
Q9BUT1,turquoise,1,BDH2
Q9H8S9,yellow,4,MOB1A
Q13155,blue,2,AIMP2
P84098,red,6,RPL19
O60220,blue,2,TIMM8A
Q9Y285,brown,3,FARSA
Q9UBR2,turquoise,1,CTSZ
Q9UJZ1,blue,2,STOML2
P84103,turquoise,1,SRSF3
Q8NBF2,brown,3,NHLRC2
P45984,blue,2,MAPK9
Q14714,brown,3,SSPN
P16284,turquoise,1,PECAM1
P51665,grey,0,PSMD7
Q16539,brown,3,MAPK14
Q8N3D4,brown,3,EHBP1L1
Q9Y5X3,turquoise,1,SNX5
O14841,blue,2,OPLAH
Q9H061,blue,2,TMEM126A
P20042,brown,3,EIF2S2
P56537,yellow,4,EIF6
Q9H3K6,yellow,4,BOLA2
P16118,blue,2,PFKFB1
Q9BQA1,grey,0,WDR77
P23246,turquoise,1,SFPQ
P24043,red,6,LAMA2
Q8WZA0,turquoise,1,LZIC
Q15119,blue,2,PDK2
P62854,grey,0,RPS26
P13535,red,6,MYH8
Q9UG63,grey,0,ABCF2
Q96CW1,turquoise,1,AP2M1
P48739,turquoise,1,PITPNB
P51659,grey,0,HSD17B4
Q9H845,blue,2,ACAD9
Q92945,turquoise,1,KHSRP
O14874,blue,2,BCKDK
P61916,turquoise,1,NPC2
Q92890,brown,3,UFD1
Q14764,turquoise,1,MVP
O43741,blue,2,PRKAB2
Q9NXA8,blue,2,SIRT5
Q9Y508,blue,2,RNF114
P22307,grey,0,SCP2
Q99766,blue,2,DMAC2L
O15305,turquoise,1,PMM2
Q9NUB1,blue,2,ACSS1
P51151,grey,0,RAB9A
O96008,green,5,TOMM40
O15143,turquoise,1,ARPC1B
Q3ZCW2,blue,2,LGALSL
P53618,turquoise,1,COPB1
Q8WWV3,blue,2,RTN4IP1
P49588,grey,0,AARS1
Q8NC51,grey,0,SERBP1
O95881,turquoise,1,TXNDC12
Q15942,turquoise,1,ZYX
Q96RQ3,blue,2,MCCC1
Q9BTE6,brown,3,AARSD1
P37108,blue,2,SRP14
P49257,grey,0,LMAN1
P14923,turquoise,1,JUP
Q07666,turquoise,1,KHDRBS1
Q9Y2Z0,grey,0,SUGT1
Q8TBC4,blue,2,UBA3
Q9HBL7,green,5,PLGRKT
P15311,grey,0,EZR
Q9UJU6,turquoise,1,DBNL
Q5VWZ2,grey,0,LYPLAL1
Q52LJ0,brown,3,FAM98B
Q8NHH9,brown,3,ATL2
Q15172,brown,3,PPP2R5A
P25685,black,7,DNAJB1
P78560,green,5,CRADD
O95202,blue,2,LETM1
P08651,brown,3,NFIC
Q13825,blue,2,AUH
O43768,grey,0,ENSA
Q9Y3C6,grey,0,PPIL1
O94911,turquoise,1,ABCA8
Q13496,blue,2,MTM1
Q9NNW7,blue,2,TXNRD2
P21953,blue,2,BCKDHB
Q5SQH8,blue,2,C6orf136
Q14558,brown,3,PRPSAP1
P62495,red,6,ETF1
Q9Y262,brown,3,EIF3L
Q96LD8,brown,3,SENP8
P48444,turquoise,1,ARCN1
Q6P1N9,blue,2,TATDN1
Q96HY7,blue,2,DHTKD1
Q99735,grey,0,MGST2
P52272,turquoise,1,HNRNPM
Q8WVJ2,green,5,NUDCD2
Q9H987,red,6,SYNPO2L
Q96NY7,grey,0,CLIC6
P46199,blue,2,MTIF2
Q9Y263,brown,3,PLAA
O60825,blue,2,PFKFB2
Q96GK7,blue,2,FAHD2A
Q5VW32,blue,2,BROX
Q7L2H7,grey,0,EIF3M
Q9UMX0,brown,3,UBQLN1
P12694,blue,2,BCKDHA
Q86TP1,brown,3,PRUNE1
Q9H444,blue,2,CHMP4B
Q9NVI7,blue,2,ATAD3A
Q9GZZ1,brown,3,NAA50
Q6UWP2,grey,0,DHRS11
Q96C90,grey,0,PPP1R14B
O60237,green,5,PPP1R12B
O95861,blue,2,BPNT1
O60684,blue,2,KPNA6
Q03252,red,6,LMNB2
Q6PCE3,yellow,4,PGM2L1
P09874,brown,3,PARP1
Q99816,brown,3,TSG101
O94925,blue,2,GLS
P53814,grey,0,SMTN
O94973,turquoise,1,AP2A2
P10155,grey,0,RO60
P62310,grey,0,LSM3
P68400,brown,3,CSNK2A1
Q49AH0,blue,2,CDNF
Q9BUJ2,turquoise,1,HNRNPUL1
P51692,brown,3,STAT5B
Q9ULX7,green,5,CA14
Q05086,brown,3,UBE3A
P08473,grey,0,MME
Q9NS86,brown,3,LANCL2
Q5TC12,blue,2,ATPAF1
Q8IYU8,grey,0,MICU2
Q6IPR1,blue,2,ETFRF1
O95571,blue,2,ETHE1
Q5VWP3,red,6,MLIP
Q14247,turquoise,1,CTTN
P24844,turquoise,1,MYL9
P61923,grey,0,COPZ1
Q5T6V5,grey,0,C9orf64
P08134,turquoise,1,RHOC
O15371,brown,3,EIF3D
P51570,grey,0,GALK1
Q99598,brown,3,TSNAX
Q12906,grey,0,ILF3
Q9UN86,grey,0,G3BP2
P40763,grey,0,STAT3
Q9NR19,brown,3,ACSS2
Q9H008,grey,0,LHPP
P49407,turquoise,1,ARRB1
Q96BM9,brown,3,ARL8A
Q9BUK0,blue,2,CHCHD7
Q6ZVM7,blue,2,TOM1L2
Q13751,brown,3,LAMB3
Q6IAA8,grey,0,LAMTOR1
P06132,yellow,4,UROD
P45985,brown,3,MAP2K4
Q9BRT2,blue,2,UQCC2
Q9NZ01,grey,0,TECR
Q6JBY9,brown,3,RCSD1
Q96PU8,grey,0,QKI
Q13586,brown,3,STIM1
Q9P0J1,blue,2,PDP1
Q13148,grey,0,TARDBP
Q9NP72,grey,0,RAB18
P12081,blue,2,HARS1
Q9NXJ5,blue,2,PGPEP1
Q9NR56,green,5,MBNL1
Q9NP74,turquoise,1,PALMD
Q86VN1,red,6,VPS36
P05166,blue,2,PCCB
P51571,turquoise,1,SSR4
Q9Y5J7,blue,2,TIMM9
Q9H9B4,grey,0,SFXN1
Q3LXA3,grey,0,TKFC
P22059,grey,0,OSBP
P49585,grey,0,PCYT1A
Q8IXJ6,grey,0,SIRT2
A0FGR8,turquoise,1,ESYT2
P53621,turquoise,1,COPA
O95822,blue,2,MLYCD
Q16222,turquoise,1,UAP1
P30533,grey,0,LRPAP1
Q02790,grey,0,FKBP4
Q8N3V7,red,6,SYNPO
Q58WW2,brown,3,DCAF6
Q9Y6G9,brown,3,DYNC1LI1
P48426,turquoise,1,PIP4K2A
Q9UIQ6,grey,0,LNPEP
Q687X5,turquoise,1,STEAP4
Q9Y333,yellow,4,LSM2
Q9BQS8,brown,3,FYCO1
P23588,turquoise,1,EIF4B
P49137,brown,3,MAPKAPK2
Q9NPQ8,yellow,4,RIC8A
Q86TC9,brown,3,MYPN
Q969Q0,brown,3,RPL36AL
O00560,turquoise,1,SDCBP
O95140,brown,3,MFN2
P78344,brown,3,EIF4G2
Q9Y266,brown,3,NUDC
O75569,red,6,PRKRA
Q9UIC8,blue,2,LCMT1
Q8N5M9,brown,3,JAGN1
Q9Y4L1,turquoise,1,HYOU1
Q13505,blue,2,MTX1
P26368,turquoise,1,U2AF2
Q86TX2,grey,0,ACOT1
P55735,grey,0,SEC13
O75122,brown,3,CLASP2
P23634,turquoise,1,ATP2B4
P01889,turquoise,1,HLA-B
Q13596,turquoise,1,SNX1
Q99447,blue,2,PCYT2
P48449,brown,3,LSS
P10253,blue,2,GAA
Q9NQP4,grey,0,PFDN4
Q96AE4,grey,0,FUBP1
Q13185,brown,3,CBX3
O43617,turquoise,1,TRAPPC3
O43464,blue,2,HTRA2
O75880,green,5,SCO1
Q96GX9,grey,0,APIP
Q9Y265,turquoise,1,RUVBL1
P62266,green,5,RPS23
Q5JPE7,grey,0,NOMO2
P34931,green,5,HSPA1L
P52888,grey,0,THOP1
P84157,turquoise,1,MXRA7
Q16740,blue,2,CLPP
P62316,red,6,SNRPD2
O94874,grey,0,UFL1
Q70IA6,blue,2,MOB2
Q7Z434,brown,3,MAVS
Q96C11,grey,0,FGGY
Q14258,turquoise,1,TRIM25
P49589,turquoise,1,CARS1
P62834,grey,0,RAP1A
O94811,brown,3,TPPP
Q9BTZ2,blue,2,DHRS4
Q8NFU3,grey,0,TSTD1
Q9Y678,turquoise,1,COPG1
Q92696,blue,2,RABGGTA
Q4G0W2,grey,0,DUSP28
P29966,turquoise,1,MARCKS
P30419,brown,3,NMT1
Q08752,brown,3,PPID
Q9Y2B0,turquoise,1,CNPY2
Q7Z4V5,grey,0,HDGFL2
Q8TB37,grey,0,NUBPL
P15927,yellow,4,RPA2
P24593,turquoise,1,IGFBP5
Q8NCN5,blue,2,PDPR
Q9C0C9,yellow,4,UBE2O
Q9BRX2,grey,0,PELO
Q9Y383,grey,0,LUC7L2
Q5U5X0,blue,2,LYRM7
Q969T9,yellow,4,WBP2
Q9HCC0,blue,2,MCCC2
Q13951,grey,0,CBFB
Q9UBC2,turquoise,1,EPS15L1
Q96H20,grey,0,SNF8
Q969Z3,turquoise,1,MTARC2
P39060,turquoise,1,COL18A1
Q9NPH2,turquoise,1,ISYNA1
Q13541,blue,2,EIF4EBP1
O00763,turquoise,1,ACACB
Q02543,red,6,RPL18A
Q7KZF4,turquoise,1,SND1
Q9UDY4,black,7,DNAJB4
P01911,grey,0,HLA-DRB1
P10321,grey,0,HLA-C
Q9UKG1,grey,0,APPL1
P43251,yellow,4,BTD
P27635,grey,0,RPL10
Q6GMV2,grey,0,SMYD5
Q8NFV4,blue,2,ABHD11
Q9NRP0,grey,0,OSTC
Q9UPY8,brown,3,MAPRE3
Q6PCB7,brown,3,SLC27A1
Q9UQ90,green,5,SPG7
Q9NYU2,red,6,UGGT1
Q13347,grey,0,EIF3I
P63146,blue,2,UBE2B
Q7Z6Z7,brown,3,HUWE1
Q92614,grey,0,MYO18A
P43897,blue,2,TSFM
P27694,grey,0,RPA1
Q8WX93,black,7,PALLD
O95394,grey,0,PGM3
P61221,grey,0,ABCE1
P36507,grey,0,MAP2K2
P31751,grey,0,AKT2
Q96HN2,blue,2,AHCYL2
Q9UBB4,grey,0,ATXN10
Q96S66,grey,0,CLCC1
P42224,turquoise,1,STAT1
Q9BTT0,grey,0,ANP32E
Q9UI12,yellow,4,ATP6V1H
Q86UP2,turquoise,1,KTN1
Q9UHQ4,grey,0,BCAP29
Q9BPX5,grey,0,ARPC5L
Q8NBU5,blue,2,ATAD1
Q14C86,yellow,4,GAPVD1
Q86UE4,turquoise,1,MTDH
Q12905,red,6,ILF2
Q9NT62,yellow,4,ATG3
Q9BSD7,blue,2,NTPCR
O94979,turquoise,1,SEC31A
Q8NE62,blue,2,CHDH
Q96EY8,blue,2,MMAB
Q9UPU5,brown,3,USP24
P08754,turquoise,1,GNAI3
Q14738,brown,3,PPP2R5D
Q9NQ50,green,5,MRPL40
P13164,turquoise,1,IFITM1
Q6NUK1,grey,0,SLC25A24
Q9GZS3,grey,0,WDR61
P35244,blue,2,RPA3
Q8IUZ5,grey,0,PHYKPL
P26639,grey,0,TARS1
Q96C00,brown,3,ZBTB9
O95359,blue,2,TACC2
Q15772,blue,2,SPEG
Q13203,turquoise,1,MYBPH
Q9UBT2,grey,0,UBA2
Q00796,yellow,4,SORD
P67870,brown,3,CSNK2B
Q9BU61,blue,2,NDUFAF3
Q9P2J5,brown,3,LARS1
P49841,brown,3,GSK3B
Q8TDQ7,turquoise,1,GNPDA2
O60343,grey,0,TBC1D4
Q8N4Q1,blue,2,CHCHD4
P60983,grey,0,GMFB
Q9P0U1,turquoise,1,TOMM7
P14678,grey,0,SNRPB
Q99653,blue,2,CHP1
Q93009,brown,3,USP7
Q9H773,green,5,DCTPP1
Q16774,yellow,4,GUK1
Q9Y316,blue,2,MEMO1
Q96EY1,blue,2,DNAJA3
P63172,grey,0,DYNLT1
O75391,blue,2,SPAG7
P50895,grey,0,BCAM
Q9Y5K5,grey,0,UCHL5
P55769,blue,2,SNU13
Q9Y295,grey,0,DRG1
O75153,blue,2,CLUH
Q96DE0,yellow,4,NUDT16
O75439,blue,2,PMPCB
Q9Y5X1,turquoise,1,SNX9
Q9BU02,grey,0,THTPA
O14964,turquoise,1,HGS
Q86WA6,green,5,BPHL
Q96HE7,blue,2,ERO1A
Q969M7,blue,2,UBE2F
Q6PI48,turquoise,1,DARS2
P51114,brown,3,FXR1
P49840,grey,0,GSK3A
Q96BW5,brown,3,PTER
Q9BVV7,blue,2,TIMM21
Q9NZZ3,grey,0,CHMP5
Q9H446,brown,3,RWDD1
O43684,turquoise,1,BUB3
P49902,grey,0,NT5C2
Q9UNF0,turquoise,1,PACSIN2
Q9NQX3,blue,2,GPHN
Q96CT7,yellow,4,CCDC124
Q9H3K2,green,5,GHITM
Q92667,blue,2,AKAP1
P53384,blue,2,NUBP1
Q8TD30,blue,2,GPT2
Q86UT6,blue,2,NLRX1
Q9UDT6,brown,3,CLIP2
P36873,turquoise,1,PPP1CC
P49354,blue,2,FNTA
Q9UNH7,turquoise,1,SNX6
Q9BXS5,red,6,AP1M1
Q86YB7,blue,2,ECHDC2
P00326,turquoise,1,ADH1C
P54577,grey,0,YARS1
O00193,grey,0,SMAP
Q712K3,blue,2,UBE2R2
O15427,green,5,SLC16A3
Q96S99,brown,3,PLEKHF1
P53701,blue,2,HCCS
P26196,brown,3,DDX6
Q16821,grey,0,PPP1R3A
Q10713,green,5,PMPCA
Q9HAB8,turquoise,1,PPCS
Q9BY44,grey,0,EIF2A
Q12955,brown,3,ANK3
Q13405,blue,2,MRPL49
Q4G0N4,blue,2,NADK2
Q9NXR7,grey,0,BABAM2
Q96HY6,turquoise,1,DDRGK1
Q9UK41,brown,3,VPS28
Q7L5D6,yellow,4,GET4
P22570,blue,2,FDXR
Q01814,brown,3,ATP2B2
Q8WVM8,grey,0,SCFD1
Q9P2T1,yellow,4,GMPR2
Q9BXW6,grey,0,OSBPL1A
Q9H2J4,yellow,4,PDCL3
Q9BZZ5,turquoise,1,API5
Q9Y5P6,grey,0,GMPPB
Q14157,grey,0,UBAP2L
Q9H2W6,blue,2,MRPL46
Q16629,grey,0,SRSF7
Q9Y3A3,brown,3,MOB4
Q9H8Y8,turquoise,1,GORASP2
Q96EP5,grey,0,DAZAP1
Q8TD19,grey,0,NEK9
Q8WWM9,grey,0,CYGB
Q92783,yellow,4,STAM
P36404,blue,2,ARL2
Q96GD0,blue,2,PDXP
Q9NTJ4,brown,3,MAN2C1
P62714,grey,0,PPP2CB
Q9BV86,blue,2,NTMT1
Q8NCA5,blue,2,FAM98A
P02786,grey,0,TFRC
Q9NP81,blue,2,SARS2
Q16890,grey,0,TPD52L1
Q9BZE1,blue,2,MRPL37
Q96FZ7,grey,0,CHMP6
P53992,brown,3,SEC24C
Q9BW91,blue,2,NUDT9
Q8N6M3,brown,3,FITM2
P50897,turquoise,1,PPT1
P61513,turquoise,1,RPL37A
Q8IYS1,brown,3,PM20D2
Q9Y224,grey,0,RTRAF
P46108,turquoise,1,CRK
P52294,brown,3,KPNA1
Q9UHL4,turquoise,1,DPP7
Q8WVI0,blue,2,SMIM4
Q7Z7F7,blue,2,MRPL55
P61803,turquoise,1,DAD1
Q96EM0,grey,0,L3HYPDH
Q15018,brown,3,ABRAXAS2
Q14693,grey,0,LPIN1
Q9UJW0,brown,3,DCTN4
Q96K76,brown,3,USP47
Q9NZJ9,grey,0,NUDT4
P46977,turquoise,1,STT3A
P50402,yellow,4,EMD
P78318,yellow,4,IGBP1
Q9Y6A9,turquoise,1,SPCS1
P78527,brown,3,PRKDC
Q13724,grey,0,MOGS
Q9NUQ7,grey,0,UFSP2
P25686,green,5,DNAJB2
O75935,yellow,4,DCTN3
P41252,green,5,IARS1
Q9Y4X5,brown,3,ARIH1
Q9BV68,blue,2,RNF126
P10746,yellow,4,UROS
Q8N163,grey,0,CCAR2
Q96CD2,turquoise,1,PPCDC
Q13283,grey,0,G3BP1
Q8IYB8,blue,2,SUPV3L1
Q9UIA9,grey,0,XPO7
Q96C86,brown,3,DCPS
Q9H910,blue,2,JPT2
Q53HC9,turquoise,1,EIPR1
P78356,brown,3,PIP4K2B
O14562,grey,0,UBFD1
Q9NS69,grey,0,TOMM22
O14579,turquoise,1,COPE
Q66K74,brown,3,MAP1S
P62312,turquoise,1,LSM6
O60841,brown,3,EIF5B
P20020,grey,0,ATP2B1
Q15714,turquoise,1,TSC22D1
O95352,turquoise,1,ATG7
Q6PGP7,grey,0,TTC37
Q9UHD1,turquoise,1,CHORDC1
Q06210,turquoise,1,GFPT1
P51608,grey,0,MECP2
Q8TC12,grey,0,RDH11
Q04206,grey,0,RELA
Q99622,brown,3,C12orf57
Q9NQ88,blue,2,TIGAR
