gene,n_miss,pct_miss,mean_int,class
HBB,0,0,32.48114585268514,Complete
HBA1,0,0,31.6719924021549,Complete
MB,0,0,31.1252915730632,Complete
ALB,0,0,30.581840483905363,Complete
CKM,0,0,30.424476059556987,Complete
ALDOA,0,0,29.673241084894244,Complete
GAPDH,0,0,29.584516545779064,Complete
CKB,0,0,29.403367456366773,Complete
CA3,0,0,29.12760379217616,Complete
FHL1,0,0,28.652207519341893,Complete
ACTA1,0,0,28.01180124251642,Complete
ENO1,0,0,28.329409146720103,Complete
ENO3,0,0,27.796096794105637,Complete
ACTB,0,0,27.506590202407217,Complete
IGHG1,0,0,26.956834297325457,Complete
PRDX2,0,0,27.42799420254797,Complete
PKM,0,0,27.451736943572932,Complete
TPI1,0,0,27.40858778896638,Complete
ENO2,0,0,27.20605439524215,Complete
PGAM1,0,0,27.312566443208432,Complete
CASQ1,2,5,27.122778415545056,MNAR
PGK1,0,0,27.12804027888178,Complete
HSPB1,0,0,27.100434624317064,Complete
MYL1,1,2.5,26.463538585504214,MNAR
IGKC,0,0,26.079276466892367,Complete
PYGM,0,0,26.673760524202503,Complete
CRYAB,0,0,26.888895183715174,Complete
LDHA,0,0,26.79339606152352,Complete
MYL2,1,2.5,26.443593043730463,MNAR
AK1,0,0,26.643160665056353,Complete
FABP4,0,0,25.486265346522565,Complete
FABP3,0,0,26.473625683474165,Complete
ATP2A1,2,5,26.43690545549191,MNAR
CA2,0,0,26.32459674491484,Complete
MDH1,0,0,26.526684920310366,Complete
SERPINA1,0,0,25.96030085740395,Complete
MYH7,1,2.5,25.789202635678585,MNAR
IGHG2,0,0,25.66445365906703,Complete
PGAM2,1,2.5,26.19777550901429,MNAR
PYGB,0,0,26.20316078775154,Complete
PRDX6,0,0,26.117307931464808,Complete
IDH2,0,0,26.090980086462377,Complete
MYH2,1,2.5,25.456012263837916,MNAR
ATP2A2,0,0,25.888607191038226,Complete
TF,0,0,25.57547606139932,Complete
ATP5F1B,0,0,26.075331410857217,Complete
MDH2,0,0,25.993440560002988,Complete
HP,0,0,25.01831651012107,Complete
ATP5F1A,0,0,25.893625185995667,Complete
IGLC2,0,0,24.880908975620038,Complete
MYH1,3,7.5,25.083745995758093,MNAR
PFKM,0,0,25.528529093925403,Complete
S100A1,0,0,25.460155673716258,Complete
HSPB6,0,0,25.65524204584052,Complete
EEF1A1,0,0,25.820316240185775,Complete
FBP2,2,5,25.463938875952508,MNAR
ARF4,0,0,25.707508360995114,Complete
SLC25A4,0,0,25.29053634374199,Complete
TNNC2,2,5,25.04204871992769,MNAR
PGM1,0,0,25.46937895842947,Complete
YWHAE,0,0,25.58413073493367,Complete
GOT1,0,0,25.2836393229376,Complete
CKMT2,0,0,25.10731733534733,Complete
MYL6,0,0,25.345427304424415,Complete
ATP2A3,3,7.5,24.64471008038447,MNAR
RPS27A,0,0,25.300171016481034,Complete
PDLIM3,1,2.5,25.12215102848231,MNAR
PEBP1,0,0,25.26778924717002,Complete
TPM2,0,0,24.41735327775315,Complete
SOD1,0,0,25.289440865590535,Complete
ORM1,0,0,24.518597355595052,Complete
GPI,0,0,25.200264558950515,Complete
TUBB,0,0,25.242309233829957,Complete
PARK7,0,0,25.11806951330976,Complete
GOT2,0,0,24.80825872008425,Complete
MYL3,0,0,24.369759310552624,Complete
MT-CO2,0,0,24.995804158475472,Complete
IGHA1,1,2.5,24.052193499310086,MNAR
PRDX1,0,0,25.128106128390307,Complete
ALDOC,0,0,24.906796396281273,Complete
CYCS,0,0,24.872375843356618,Complete
TPM1,0,0,24.109776645047525,Complete
PPIA,0,0,24.900723341613702,Complete
GPD1,0,0,24.932062785190375,Complete
CFL1,0,0,24.893387420044938,Complete
VIM,0,0,23.371010738582257,Complete
CS,0,0,24.80416734643651,Complete
DECR1,0,0,24.766434407628047,Complete
HSPA8,0,0,24.925354203156978,Complete
HADHA,0,0,24.736019267496143,Complete
ACO2,0,0,24.666799137196488,Complete
LGALS1,0,0,24.768655221570025,Complete
BLVRB,0,0,24.45738793050757,Complete
ACAT1,0,0,24.663706551167824,Complete
ANXA2,0,0,24.291020955604306,Complete
CSRP3,2,5,24.584373593831618,MNAR
LDB3,2,5,24.56862254080282,MNAR
AKR1A1,0,0,24.70607842646381,Complete
GSTM2,0,0,24.5416028496414,Complete
MYBPC1,2,5,24.271502825319327,MNAR
TNNI2,3,7.5,23.858888915867794,MNAR
ANXA6,0,0,24.648625174556123,Complete
C3,0,0,23.632825167879986,Complete
CFL2,0,0,24.50314135089818,Complete
TTR,0,0,23.979887592956935,Complete
VDAC1,0,0,24.41053747703125,Complete
TXN,0,0,24.511422676710772,Complete
FLNC,1,2.5,24.231400534989387,MNAR
A2M,0,0,23.535830985481887,Complete
CALM1,0,0,24.358793855536963,Complete
TNNT3,2,5,23.451883289911937,MNAR
LDHB,0,0,24.287145212218363,Complete
S100A6,3,7.5,23.527288109724,MNAR
BIN1,0,0,24.19759744822878,Complete
ACADVL,0,0,24.17017672561421,Complete
AKR1B1,0,0,24.105152999705133,Complete
PRDX3,0,0,24.215474008099026,Complete
HADHB,0,0,24.123802070054897,Complete
CAT,0,0,23.431811909513293,Complete
S100A4,0,0,23.560582477909943,Complete
UQCRC2,0,0,24.048432109891728,Complete
TUBA1B,0,0,24.195805477808484,Complete
SLC25A6,0,0,23.81788606088952,Complete
SLC25A5,0,0,24.025578900662136,Complete
ANXA5,0,0,23.81603575432711,Complete
H2BC4,0,0,23.657246929173617,Complete
TUBA4A,0,0,23.89083833542812,Complete
DCN,0,0,23.058729745612744,Complete
APOBEC2,1,2.5,23.819375736124602,MNAR
HSP90AA1,0,0,24.043009444281093,Complete
EEF1A2,2,5,23.95519166296109,MNAR
ATP5MF,0,0,23.95549063088452,Complete
TTN,2,5,23.27853329358582,MNAR
SRL,2,5,23.969939771405695,MNAR
HSPA1A,0,0,24.048076892605735,Complete
COX5B,0,0,23.867027261306838,Complete
TNNC1,2,5,23.471027443993922,MNAR
SELENBP1,0,0,23.875765184440986,Complete
ECHS1,0,0,23.963576591872233,Complete
NDUFA4,0,0,23.736087518530205,Complete
ATP5MG,0,0,23.774757977539597,Complete
PFN1,0,0,23.84995645743002,Complete
ATP5F1C,0,0,23.777897183885777,Complete
ANKRD2,2,5,23.70636324801346,MNAR
UQCRC1,0,0,23.78725649040662,Complete
HADH,0,0,23.881200093423708,Complete
PDLIM5,0,0,23.600041100759842,Complete
YWHAG,0,0,23.859571686148417,Complete
PLIN1,4,10,21.833037853677403,MNAR
COX7A1,0,0,23.726739256387308,Complete
DBI,0,0,23.851223673540982,Complete
SOD2,0,0,23.809306208408117,Complete
TPM3,0,0,23.089332169543827,Complete
TUBB4B,0,0,23.884389981378,Complete
TRIM72,2,5,23.775738877305233,MNAR
COX4I1,0,0,23.71746384903866,Complete
UGP2,0,0,23.827435532405723,Complete
ATP5PO,0,0,23.70181131742205,Complete
ANXA1,0,0,22.756040296335776,Complete
LUM,0,0,23.063053473430347,Complete
CASQ2,2,5,23.563850526069995,MNAR
QDPR,0,0,23.71253920850312,Complete
CMBL,0,0,23.49004403092041,Complete
MYOM2,2,5,23.419452085173013,MNAR
HBG2,8,20,21.843930285548062,MNAR
AHNAK,0,0,23.079836062701983,Complete
GLO1,0,0,23.65335773991864,Complete
MIF,0,0,23.575379914704307,Complete
VDAC3,0,0,23.520381273806613,Complete
GSTP1,0,0,23.61906187743103,Complete
ECH1,0,0,23.527379175792415,Complete
GSN,0,0,23.267722389651034,Complete
SLC25A3,0,0,23.488202457121677,Complete
ATP5PD,0,0,23.42911248790947,Complete
ADSS1,2,5,23.432769599196266,MNAR
CAVIN1,0,0,22.990638002179686,Complete
MT-ATP6,9,22.5,23.31174238994357,MNAR
TNNI1,2,5,22.863742623221725,MNAR
HSPB7,1,2.5,23.412100604829,MNAR
IGHM,0,0,22.13571657035096,Complete
CSTB,0,0,23.405579244801565,Complete
RTN2,2,5,23.375325165884014,MNAR
LCP1,0,0,22.90694352442943,Complete
ACTN2,2,5,21.590888802056117,MNAR
NNT,0,0,23.311392812318374,Complete
TNNT1,2,5,22.711352608867468,MNAR
PRDX5,0,0,23.41548402787884,Complete
PADI2,2,5,23.37384236264202,MNAR
UQCR10,2,5,23.261969391540262,MNAR
ETFA,0,0,23.343988759169555,Complete
ACSL1,0,0,23.431132758034014,Complete
GLRX,3,7.5,22.296401285104242,MNAR
FH,0,0,23.276700251578113,Complete
HINT1,0,0,23.33856327693128,Complete
MYH3,7,17.5,22.53192945368706,MNAR
NIPSNAP2,1,2.5,23.189812949722423,MNAR
FTH1,0,0,23.189892487151358,Complete
VDAC2,0,0,23.2702572373576,Complete
ACYP2,0,0,23.062108963218456,Complete
COX6C,0,0,23.135891098531715,Complete
COX5A,0,0,23.149733306444936,Complete
UQCRFS1,0,0,23.125884881190366,Complete
IGKV3-15,1,2.5,22.229652097614903,MAR
CYB5R3,0,0,23.209955389021886,Complete
IGKV3-20,0,0,22.09921971911509,Complete
HSP90AB1,0,0,23.236141620560065,Complete
PCMT1,0,0,23.214212540651367,Complete
PSAP,0,0,22.98930178014918,Complete
ECI1,0,0,22.82768896209111,Complete
CYB5R1,0,0,23.077755780043443,Complete
AAMDC,0,0,22.989099008006942,Complete
PITPNA,0,0,23.081432271217405,Complete
ATP5ME,0,0,22.8452231322649,Complete
UQCRB,0,0,23.017981396734914,Complete
PHPT1,0,0,23.075965709846876,Complete
VBP1,6,15,23.105344575506752,MNAR
CP,0,0,22.36210138797386,Complete
C1QBP,0,0,23.083509061256876,Complete
ADH1B,0,0,22.43182465938864,Complete
AGL,1,2.5,22.94193444579065,MNAR
ESD,0,0,23.14964964673158,Complete
LMCD1,0,0,22.918104259410576,Complete
EIF5A,0,0,23.130821963927268,Complete
ATP5F1D,0,0,22.98730851704568,Complete
CD36,0,0,22.407712209672162,Complete
PLIN4,0,0,22.003055634833633,Complete
TPT1,0,0,23.081866625024233,Complete
CYC1,0,0,22.941013394759587,Complete
KLHL41,2,5,22.727680599272883,MNAR
CISD1,1,2.5,22.907462611920263,MNAR
SDHA,0,0,22.93144520603969,Complete
UQCRH,0,0,22.83188515642419,Complete
NPEPPS,0,0,22.974888928230985,Complete
MACROD1,1,2.5,22.891737676565985,MNAR
SERPINA3,0,0,22.27542751378804,Complete
NDRG2,1,2.5,22.91311167244656,MNAR
RAB1B,0,0,22.993141223394524,Complete
EHD2,0,0,22.332121860180973,Complete
NUTF2,0,0,22.976865906738098,Complete
FLNB,0,0,22.88233049677826,Complete
VCL,0,0,22.93254773297118,Complete
CAV1,0,0,22.09122580867903,Complete
NEB,4,10,21.893732365384437,MNAR
PYGL,0,0,22.858669557276485,Complete
CRAT,1,2.5,22.76349917587047,MNAR
ST13,0,0,22.85217878620319,Complete
AKR1C1,0,0,22.116003011838295,Complete
UBE2N,0,0,22.90865210914854,Complete
HSP90B1,0,0,22.71275953039906,Complete
NME2,0,0,22.81094624664576,Complete
RTN4,0,0,22.884065065590267,Complete
DLST,0,0,22.765242581041242,Complete
SYPL2,2,5,22.75164088057124,MNAR
RAN,0,0,22.816250062093882,Complete
GYG1,1,2.5,22.702717473251617,MNAR
RNH1,0,0,22.811819914860834,Complete
ADH5,0,0,22.822740323933747,Complete
ACAA2,0,0,22.785455762850518,Complete
YWHAZ,0,0,22.642581383037673,Complete
HSPA2,1,2.5,22.624800502733713,MNAR
HSPD1,0,0,22.761840725781198,Complete
CLU,0,0,21.692953024890546,Complete
ATP5PB,1,2.5,22.680869517552292,MNAR
FLNA,0,0,22.551922770417185,Complete
KRT1,1,2.5,21.827660354272524,MAR
ARL6IP5,0,0,22.804619922792,Complete
PDHB,0,0,22.621390855405714,Complete
ACTN1,0,0,22.04503310558369,Complete
COX6B1,0,0,22.61235093225799,Complete
S100A9,0,0,21.49791675584461,Complete
IGHG3,2,5,21.81921407267642,MNAR
TUFM,0,0,22.738567660428153,Complete
S100A8,0,0,21.927214228978162,Complete
HAGH,0,0,22.73475058796621,Complete
TAGLN,0,0,22.04213330715468,Complete
NDUFS1,0,0,22.649819190722496,Complete
DLD,0,0,22.668045806027763,Complete
OGDH,0,0,22.627370879604555,Complete
COQ9,0,0,22.521312980237433,Complete
DLAT,0,0,22.59171615392295,Complete
COQ8A,1,2.5,22.56861037328363,MNAR
SLC25A12,2,5,22.586174739607475,MNAR
FKBP3,0,0,22.647908415377835,Complete
EEF2,0,0,22.73184586676391,Complete
ACTN4,0,0,22.247988135961215,Complete
PDHA1,0,0,22.52904228634,Complete
MSN,0,0,22.515606908287232,Complete
GSTO1,0,0,22.522315453081852,Complete
BPGM,0,0,22.07579825095731,Complete
IGHV3-7,0,0,21.51615248976262,Complete
GPD1L,0,0,22.48815304513976,Complete
SUCLA2,0,0,22.48964049002255,Complete
UBA1,0,0,22.6336839660455,Complete
ACADM,0,0,22.491866416050936,Complete
SDHB,0,0,22.39493831972815,Complete
ALDH9A1,0,0,22.615494646167363,Complete
FBP1,2,5,22.300359037659383,MNAR
PRELP,0,0,20.745238644332815,Complete
GAMT,2,5,22.44821590312293,MNAR
SAR1A,0,0,22.559268159698398,Complete
AOC3,0,0,20.932443134522266,Complete
GSTM3,0,0,22.284742034478704,Complete
P4HB,0,0,22.521417350941412,Complete
FTL,0,0,21.66745845091186,Complete
LRRC20,1,2.5,22.397062250920904,MNAR
COX7C,0,0,22.23461455219987,Complete
IGKV3-11,1,2.5,21.547957104299037,MAR
EHD1,0,0,22.188313234543674,Complete
SERPING1,0,0,21.506522787039344,Complete
SNCA,0,0,21.246476900936432,Complete
RAP1B,0,0,22.202754126812565,Complete
YWHAB,0,0,22.426512147190042,Complete
H3-3A,0,0,21.7510788868059,Complete
PPP3CA,0,0,22.434483434306618,Complete
NDUFB10,0,0,22.31940525098519,Complete
S100A10,0,0,21.75706755864762,Complete
ARHGDIA,0,0,22.3123913980901,Complete
GPT,0,0,22.240806158907912,Complete
REEP5,0,0,22.389228167909803,Complete
ACADS,0,0,22.216928306953548,Complete
DDB1,0,0,22.37958884612918,Complete
ALDH2,0,0,22.215080036296083,Complete
CTSD,0,0,22.227410204087228,Complete
ALDH1A1,0,0,22.278802426332,Complete
ACOT2,0,0,22.295171586254593,Complete
GDI2,0,0,22.354439036888337,Complete
CFH,0,0,21.373652493521266,Complete
PSMC1,0,0,22.309684548572754,Complete
GSTM1,5,12.5,21.62718514624874,MNAR
UQCRQ,0,0,22.055237633646687,Complete
FKBP1A,0,0,22.28948615563792,Complete
OLA1,0,0,22.29727129304549,Complete
PHB2,0,0,22.23899521292938,Complete
ANXA7,0,0,22.313531839203236,Complete
GRHPR,0,0,22.263688410961944,Complete
NDUFV2,1,2.5,22.155534943901596,MAR
PCBP1,0,0,22.236726620221994,Complete
WDR1,0,0,22.22129768158497,Complete
ETFB,0,0,22.130009693149027,Complete
DUSP3,1,2.5,22.18504258102507,MAR
AMPD1,3,7.5,21.906495559336506,MNAR
PFN2,1,2.5,22.086095487006535,MAR
EIF4A1,0,0,22.201413794023146,Complete
APOD,0,0,21.613191481165053,Complete
HSPB2,2,5,22.11527647919854,MNAR
MYO6,0,0,21.8212538245568,Complete
SLC25A13,2,5,21.97495618253957,MNAR
PLN,8,20,21.87316516546869,MNAR
PFKL,0,0,21.985460452159543,Complete
STOM,0,0,21.273916661539534,Complete
PPP3R1,1,2.5,21.781429770179695,MAR
HSPA9,0,0,22.009908568809642,Complete
UBE2D3,0,0,21.952892956930743,Complete
CFB,0,0,21.224392755680423,Complete
PRKAR1A,1,2.5,21.897349801872434,MAR
DEFA3,2,5,21.3661201793604,MNAR
AGT,0,0,21.280358882288944,Complete
ARF1,0,0,21.911425576162422,Complete
SUCLG1,0,0,21.84136961924549,Complete
TALDO1,0,0,21.88491158276126,Complete
HSDL2,0,0,21.847045124796175,Complete
FABP5,0,0,21.627430569581,Complete
ITIH4,0,0,20.93113710524209,Complete
CZIB,0,0,21.955217842768274,Complete
S100A13,0,0,21.63362385016338,Complete
SMPX,10,25,21.81164547632168,MNAR
PCBD2,1,2.5,21.85384593362116,MAR
PREP,1,2.5,21.869587367528354,MAR
SKP1,0,0,21.852576301420868,Complete
RPL7,0,0,21.925311260403475,Complete
HIBADH,0,0,21.72784753477644,Complete
EEF1D,0,0,21.92389452246635,Complete
VCP,0,0,21.873618810993914,Complete
PNP,0,0,21.00542760636565,Complete
PBXIP1,1,2.5,21.843351222758805,MAR
MYOZ1,8,20,20.63533867842626,MNAR
CDC42,0,0,21.792854361809212,Complete
ALAD,0,0,21.242720693697656,Complete
IDH3A,0,0,21.7196213828512,Complete
NDUFV1,0,0,21.686177413186417,Complete
HIBCH,0,0,21.683515184189794,Complete
PRKACA,0,0,21.79574767962737,Complete
AIFM1,0,0,21.75665687436662,Complete
SLC25A11,0,0,21.560619242112985,Complete
KRT10,0,0,20.55046862328964,Complete
MYOM1,4,10,21.568081296611783,MNAR
FUNDC2,0,0,21.702048966567737,Complete
AKR1C3,0,0,21.329528760174767,Complete
DES,2,5,20.820898789495523,MAR
NAPA,0,0,21.799425635687147,Complete
HSPE1,0,0,21.692907501764093,Complete
ADPRHL1,2,5,21.567169867047227,MNAR
NDUFA9,0,0,21.622073853088104,Complete
PACSIN3,2,5,21.756526498788958,MNAR
COASY,1,2.5,21.751332852574002,MAR
NDUFA10,0,0,21.67312934594081,Complete
CCT3,0,0,21.733137078005477,Complete
MGST3,0,0,21.670690675088398,Complete
MYH9,0,0,21.518860657432185,Complete
CACNA2D1,0,0,21.68553208321635,Complete
LTA4H,0,0,21.72761588464279,Complete
AK3,0,0,21.568095671436176,Complete
HNRNPK,0,0,21.673762478105814,Complete
MYOT,2,5,21.42608869309164,MNAR
CSRP1,0,0,21.281784703343227,Complete
RNPEP,0,0,21.66099981629295,Complete
GYS1,2,5,21.596111170717336,MNAR
NDUFA5,0,0,21.60094897132264,Complete
IMMT,0,0,21.58938703507334,Complete
SMTNL1,2,5,21.408860305008695,MNAR
NT5C3A,2,5,21.50550970314381,MNAR
ANK1,0,0,20.742106798094206,Complete
ATP5PF,0,0,21.563297233161656,Complete
EEF1B2,0,0,21.650100529848984,Complete
RAB5C,0,0,21.64897322584396,Complete
NDUFA13,0,0,21.47611943949422,Complete
PSMA5,0,0,21.663049614075582,Complete
CAP2,0,0,21.589984894121407,Complete
S100A11,4,10,20.706133836141856,MNAR
NDUFB3,0,0,21.522769325793007,Complete
HMGB1,0,0,21.60184898610428,Complete
PPP2R1A,0,0,21.660638448626596,Complete
EPHX1,0,0,21.571642241442433,Complete
SLC2A1,2,5,20.68139412994122,MAR
PRKAR2A,0,0,21.594507846165783,Complete
UBE2L3,0,0,21.510852715256473,Complete
PCYOX1,0,0,21.61657164107567,Complete
FHL3,2,5,21.344173491502104,MNAR
LMNA,0,0,21.228940197044086,Complete
NDUFAB1,0,0,21.480052843485733,Complete
UBE2D1,9,22.5,21.437473128517247,MNAR
CST3,1,2.5,21.130248405089397,MAR
ADSL,0,0,21.542408388584523,Complete
CBR1,0,0,21.52835762508375,Complete
PGD,0,0,21.252514541394728,Complete
USP14,0,0,21.528673982301882,Complete
DPYSL2,0,0,21.366164372779856,Complete
RACK1,0,0,21.570428552068492,Complete
AMPD3,3,7.5,21.380319884090436,MNAR
ABHD14B,0,0,21.470500453204565,Complete
NAXE,0,0,21.52288456278788,Complete
BCAT2,3,7.5,21.39212354381221,MNAR
TAGLN2,0,0,21.118114312824734,Complete
RPLP2,0,0,21.368584097999502,Complete
TWF2,0,0,21.52443880777787,Complete
PSMA7,0,0,21.532459213738964,Complete
HK1,0,0,21.52542840063626,Complete
PSMA4,0,0,21.532250014558826,Complete
MYBPC2,3,7.5,21.0122673753626,MNAR
NDUFA6,1,2.5,21.345766042753862,MAR
ANXA11,0,0,21.523447715478696,Complete
STAC3,7,17.5,21.41183244684519,MNAR
NIPSNAP3B,3,7.5,21.23750343748592,MNAR
AHCY,0,0,21.497564509148503,Complete
NDUFB4,0,0,21.28122086986377,Complete
NDUFS3,0,0,21.38036978825081,Complete
ALDH4A1,0,0,21.415415373832367,Complete
PSMA2,0,0,21.378757664632715,Complete
MYL6B,4,10,20.928016265718362,MNAR
UBE2V2,0,0,21.458635603395685,Complete
DDAH1,1,2.5,21.212703400367005,MAR
SDHC,8,20,21.141701777084208,MNAR
SRI,0,0,21.114717391171148,Complete
HRC,2,5,21.280521683453422,MNAR
CD59,0,0,21.441362061240866,Complete
PDLIM1,0,0,21.40280485962908,Complete
STIP1,0,0,21.38366731304814,Complete
CAPZA1,0,0,21.195170868128464,Complete
OGN,1,2.5,20.52143304157854,MAR
EIF4A2,1,2.5,21.40925402042107,MAR
CAPNS1,0,0,21.39167511028488,Complete
HNRNPA2B1,0,0,21.186380624073415,Complete
CACYBP,3,7.5,21.360876865187112,MNAR
PSMA6,0,0,21.35850239113073,Complete
AZGP1,0,0,20.799284172485326,Complete
ALDH5A1,0,0,21.21573265847707,Complete
PSMF1,0,0,20.989684181176376,Complete
FIS1,0,0,21.284902036058106,Complete
PDIA3,0,0,21.0186625874178,Complete
GPX3,0,0,20.96104844950086,Complete
COL6A3,0,0,20.28217173896804,Complete
MAOB,0,0,21.28642311122315,Complete
TKT,0,0,20.184422357461642,Complete
NDUFA2,0,0,21.20720107989758,Complete
APEH,0,0,21.25557597919497,Complete
RHOA,0,0,21.222337321911546,Complete
TPSB2,1,2.5,20.829888150797085,MAR
HSPA5,0,0,21.244952707513026,Complete
RYR1,2,5,21.192328338985586,MNAR
CAVIN2,0,0,20.393188303364518,Complete
TMEM109,1,2.5,21.25646831699227,MAR
PDHX,0,0,21.068423016090716,Complete
IDH1,0,0,21.13492327684734,Complete
ANP32A,1,2.5,21.149583493372567,MAR
PRXL2A,0,0,20.602641900921608,Complete
CANX,0,0,21.224444386333303,Complete
EEF1G,0,0,21.267922060375604,Complete
HEBP2,0,0,21.26738373212739,Complete
CCT2,0,0,21.217041063846867,Complete
MYLK,0,0,21.149392658055167,Complete
RAB7A,0,0,21.199323256578307,Complete
PLIN3,0,0,21.228895738505656,Complete
LAP3,0,0,21.187277631757762,Complete
WARS1,0,0,21.128060081639024,Complete
MAP4,0,0,20.975301552813878,Complete
APOC2,1,2.5,20.362596674130792,MAR
ACP1,0,0,21.194497226711796,Complete
COL6A1,5,12.5,19.944812396538186,MNAR
CAMK2D,0,0,21.17887266374374,Complete
SPTB,0,0,20.46732402410287,Complete
MPI,1,2.5,21.161693940750084,MAR
ANK2,1,2.5,21.139479487603925,MAR
RAB10,0,0,21.16945210828307,Complete
HP1BP3,9,22.5,21.131635367911734,MNAR
MYL12B,0,0,21.014320163712107,Complete
PTGES3,0,0,21.16197056380227,Complete
CRKL,0,0,21.164569397401284,Complete
PSMA3,0,0,21.14724349070631,Complete
DYSF,1,2.5,21.102712257102645,MAR
DDT,0,0,21.014891177591956,Complete
GNAI2,0,0,20.81496656063954,Complete
MUSTN1,2,5,20.76087268740103,MAR
NDUFA8,3,7.5,21.00607290369406,MNAR
TCP1,0,0,21.07379983480448,Complete
PSMB1,0,0,21.124106631385168,Complete
NEDD8,0,0,20.55427456648392,Complete
RPS16,0,0,21.071289530469972,Complete
SPTAN1,0,0,20.422957033260705,Complete
TUBA8,0,0,20.90086415983688,Complete
TLN1,0,0,20.750475451614122,Complete
DCXR,0,0,20.979748191937034,Complete
CAV2,9,22.5,19.839432497038636,MNAR
TMEM43,0,0,20.99014793177613,Complete
ACOT13,0,0,20.957818633339933,Complete
MTPN,0,0,20.96333680860932,Complete
AK2,0,0,21.022067619206513,Complete
CPT1B,4,10,20.948328844886788,MNAR
SERPINF1,0,0,20.424271853949556,Complete
IDH3B,0,0,21.00123354863354,Complete
RPS25,0,0,20.968502284541742,Complete
GPX1,0,0,20.935107404210957,Complete
JCHAIN,5,12.5,19.926987683116725,MNAR
ACACA,1,2.5,20.69238681959849,MAR
PSMC6,0,0,20.99446813917094,Complete
ASPN,4,10,20.125443737071244,MNAR
CAPN1,0,0,21.021582258371375,Complete
SDHD,2,5,20.757433638022903,MAR
PRKCSH,0,0,20.806369191949067,Complete
NDUFB1,4,10,20.897690835976366,MNAR
RPLP1,0,0,20.847790734854385,Complete
GLUD1,0,0,20.868204741817642,Complete
VAT1,0,0,20.450203340776355,Complete
EIF4H,0,0,20.967901927308525,Complete
SMYD1,2,5,20.911368876868337,MAR
ECI2,1,2.5,20.83397314265971,MAR
UBE2V1,0,0,20.883906740268156,Complete
CAP1,0,0,20.639640564925482,Complete
RBP4,1,2.5,20.240754892011893,MAR
DGLUCY,3,7.5,20.78617733974058,MNAR
DSTN,0,0,20.80621788536707,Complete
ETFDH,0,0,20.87446047449303,Complete
UCHL1,1,2.5,20.720298899160383,MAR
CRYZ,0,0,20.92101814488472,Complete
DHRS7,0,0,20.951496496529508,Complete
CD81,0,0,19.985702529022213,Complete
IPO5,0,0,20.909284738248363,Complete
BANF1,0,0,20.810597079478548,Complete
PPP2CA,0,0,20.909550232441394,Complete
GPD2,0,0,20.878475932202512,Complete
DPYSL3,0,0,20.828882564663658,Complete
AKR7A2,0,0,20.915178117977636,Complete
IARS2,0,0,20.88479048476711,Complete
NSFL1C,0,0,20.914573331137532,Complete
RPL22,0,0,20.869762019116394,Complete
METTL7A,0,0,20.88514386426172,Complete
GNB1,0,0,20.63278072661405,Complete
PGP,1,2.5,20.86140069473912,MAR
CLTC,0,0,20.756644825854575,Complete
ATP1A2,2,5,20.70802920259964,MAR
RAD23A,0,0,20.817371235148975,Complete
CUTA,4,10,20.845535804687344,MNAR
SERPINB6,0,0,20.8471857811456,Complete
ATIC,0,0,20.83374398430539,Complete
LRPPRC,0,0,20.82416623961898,Complete
NQO2,2,5,20.680985957899853,MAR
PPP1R1A,2,5,20.76423580269414,MAR
ADSS2,0,0,20.699111501963205,Complete
SOD3,0,0,19.89286372703119,Complete
FAM162A,0,0,20.57673561798948,Complete
PSMA1,0,0,20.803516614180882,Complete
NDUFS6,0,0,20.695012145531475,Complete
ANXA4,0,0,20.61213364437278,Complete
PPIB,0,0,20.48217240192057,Complete
RPL5,0,0,20.768305402329162,Complete
ATP5IF1,9,22.5,20.069630716212824,MNAR
SH3BGR,2,5,20.597591777811818,MAR
IMPA2,4,10,20.669693916169695,MNAR
DYNLL2,0,0,20.397666611524098,Complete
RAB6A,0,0,20.719448268901537,Complete
RPS3,0,0,20.76251676124418,Complete
GFM1,5,12.5,20.73345263395202,MNAR
ATP1A1,0,0,20.74986363318021,Complete
RAD23B,0,0,20.645747074665767,Complete
KRT2,4,10,20.093447412986027,MNAR
APOE,0,0,19.680081642719507,Complete
TACO1,7,17.5,20.54568480347285,MNAR
PSMB2,0,0,20.72569979632239,Complete
ME1,0,0,20.724314227112465,Complete
NONO,2,5,20.68226439635158,MAR
HINT2,1,2.5,20.549196430131715,MAR
NDUFS7,3,7.5,20.56582601263765,MNAR
CLEC3B,0,0,19.925251671357543,Complete
PHKA1,4,10,20.688189783394943,MNAR
CHCHD3,0,0,20.62393850766588,Complete
CAVIN4,2,5,20.379107970695056,MAR
CAB39,1,2.5,20.672166763920902,MAR
GLRX5,3,7.5,20.56873903720799,MNAR
ACO1,0,0,20.66920270976336,Complete
BSG,0,0,20.690623952932334,Complete
PLS3,1,2.5,20.296405426278877,MAR
TUBB2A,0,0,20.342222518339582,Complete
GPX4,0,0,20.613900445902694,Complete
FHOD1,3,7.5,20.656791033154807,MNAR
PRPS1,0,0,20.53313587617666,Complete
F13A1,0,0,20.120061724207005,Complete
MICOS13,6,15,20.521773382196628,MNAR
PCBD1,0,0,20.64280799952535,Complete
FKBP2,0,0,20.5820133417178,Complete
PTGR2,1,2.5,20.583244459679552,MAR
ISOC2,0,0,20.57750402804068,Complete
KPNB1,0,0,20.65320455798979,Complete
NDUFS2,1,2.5,20.566292541674123,MAR
TBCA,0,0,20.529298373263224,Complete
NAP1L4,0,0,20.644499551212327,Complete
CPT2,0,0,20.562431142801348,Complete
MYH4,6,15,20.004047060385727,MNAR
CCT6A,0,0,20.607923382678152,Complete
MAP2K3,2,5,20.565129487173174,MAR
TOLLIP,1,2.5,20.584809425570914,MAR
APOOL,1,2.5,20.512131236435216,MAR
CACNB3,3,7.5,20.572302963783233,MNAR
GSR,0,0,20.585054918552736,Complete
PSMB4,1,2.5,20.59028922903107,MAR
FAH,0,0,20.239319620147647,Complete
B2M,0,0,19.724535402364275,Complete
ITGB1,0,0,20.27664995864874,Complete
KLHL40,2,5,20.38416448234951,MAR
APOM,4,10,19.362423506078976,MNAR
CAND2,2,5,20.524013592684796,MAR
RAB11B,0,0,20.421929455009316,Complete
PPP1CB,0,0,20.545678847362677,Complete
RIDA,0,0,20.52520912725041,Complete
APRT,0,0,20.46596992292867,Complete
FBN1,0,0,19.744650483308593,Complete
MTHFD1,0,0,20.552899930765772,Complete
NDUFB9,2,5,20.427030126504615,MAR
HSPA4,0,0,20.5610943523372,Complete
ADPRH,3,7.5,20.22166637855692,MNAR
RDX,0,0,20.530636649822654,Complete
IMPA1,0,0,20.48950753921533,Complete
EIF3K,2,5,20.428043464213875,MAR
PSMB5,1,2.5,20.515173342013725,MAR
STBD1,0,0,20.399662962511144,Complete
COL6A2,8,20,19.289459956667777,MNAR
NOL3,1,2.5,20.44261610426579,MAR
GSTK1,0,0,20.434024278511252,Complete
RPS20,1,2.5,20.3949064242976,MAR
LANCL1,0,0,20.472286656235077,Complete
MYH13,5,12.5,19.785765968901607,MNAR
RPS10,0,0,20.298581176199527,Complete
AKR1C2,8,20,19.822229546340502,MNAR
FARSB,2,5,20.46388702631742,MAR
LGALS3,0,0,19.840695528788764,Complete
PLEC,0,0,20.292575190131366,Complete
MTCH2,0,0,20.43790555763323,Complete
GLOD4,0,0,20.395135351826276,Complete
SAR1B,1,2.5,20.32543288224855,MAR
CALR,0,0,20.286337763019,Complete
SAMM50,0,0,20.293237502233076,Complete
GNPDA1,0,0,20.440673857550983,Complete
RPS9,0,0,20.399682274154475,Complete
TMEM11,5,12.5,20.397554009124484,MNAR
PPA1,0,0,20.308119544668976,Complete
LYPLA1,0,0,20.365126102732166,Complete
CYB5A,4,10,19.298671085684383,MNAR
USP5,0,0,20.37108523354832,Complete
PDLIM7,1,2.5,20.178748983290937,MAR
C11orf54,0,0,20.285229671754998,Complete
RPS15A,0,0,20.353881699398134,Complete
RAC1,0,0,20.375823532233525,Complete
CUTC,1,2.5,20.314137778173823,MAR
TXNDC17,0,0,20.346612917151585,Complete
RPSA,0,0,20.360975277237543,Complete
PPP1CA,0,0,20.36429021028797,Complete
C1QB,5,12.5,19.63867589515736,MNAR
XIRP1,2,5,20.230570233247864,MAR
BGN,7,17.5,19.431406661381022,MNAR
TUBB6,0,0,19.667850389316158,Complete
MPC2,1,2.5,20.216183642841845,MAR
CCT4,0,0,20.346632115861627,Complete
PSMB6,1,2.5,20.337375653948936,MAR
CUL5,0,0,20.285478600514494,Complete
SBDS,0,0,20.280086685072668,Complete
RPL23A,0,0,20.08817496669122,Complete
BAG3,1,2.5,20.280587999001494,MAR
HDGF,0,0,20.26041451853793,Complete
ATP1B1,2,5,20.24962395671601,MAR
NCL,0,0,20.179739886951563,Complete
CLIC5,3,7.5,20.270142896836376,MNAR
PSME1,0,0,20.231941403918356,Complete
RPS3A,0,0,20.297874480078164,Complete
CCT8,0,0,20.293329334880212,Complete
EIF4G1,0,0,20.29182762125893,Complete
VAPA,1,2.5,20.288405415741742,MAR
GCSH,0,0,20.175770037086416,Complete
EPB41,1,2.5,19.567202767136816,MAR
NME1,0,0,20.09272888153365,Complete
CD9,3,7.5,19.322741037528708,MAR
MAP2K6,3,7.5,20.26690426153754,MNAR
CCT5,0,0,20.172704684132746,Complete
GDI1,0,0,20.228499012889667,Complete
NAXD,0,0,20.204219057209585,Complete
SNTB2,0,0,20.221912290596755,Complete
COQ6,3,7.5,20.106384417135754,MNAR
RPS12,0,0,20.236880858784318,Complete
DHRS7C,3,7.5,20.142166773518785,MNAR
CMPK1,0,0,20.01205645149188,Complete
RSU1,0,0,20.013777649942682,Complete
RPL10A,0,0,20.131948516896607,Complete
CAPN2,0,0,20.230486122116027,Complete
PAFAH1B2,1,2.5,19.95774569062031,MAR
YBX1,0,0,20.124338377288783,Complete
BCAP31,4,10,19.65256363638227,MNAR
CCT7,0,0,20.208484732396236,Complete
TSN,0,0,20.18614498743967,Complete
PSMB3,0,0,20.141896792926246,Complete
CAPZB,0,0,20.064680659493806,Complete
HPRT1,1,2.5,19.767285459535792,MAR
MYLK2,3,7.5,20.036992232635544,MNAR
NDUFB6,3,7.5,20.050271832775746,MNAR
SEPTIN7,0,0,19.950732540617878,Complete
NPM1,0,0,20.129880874990906,Complete
BLMH,1,2.5,20.15923191346348,MAR
SYNPO2,0,0,19.873120733453312,Complete
SUMO2,1,2.5,19.847448320563622,MAR
EHD4,1,2.5,19.844154330127854,MAR
GANAB,0,0,20.03326190407878,Complete
GNB2,0,0,20.0235509941238,Complete
ACOT9,1,2.5,20.121012478607863,MAR
UQCR11,2,5,20.01039727059869,MAR
TPD52L2,0,0,19.893182111224842,Complete
RPLP0,0,0,20.123556498120656,Complete
UCHL3,0,0,20.074629381062884,Complete
ACADSB,2,5,20.006547178309937,MAR
RPS5,1,2.5,20.017475090778138,MAR
FN1,3,7.5,19.316618374946017,MAR
DYNC1H1,0,0,20.121944234834242,Complete
HNRNPD,0,0,20.043982881469958,Complete
CHCHD2,2,5,20.06357016889716,MAR
HSPB3,4,10,20.039268559515612,MNAR
ALDH3A2,0,0,20.07015666327709,Complete
CAND1,0,0,19.883602894530007,Complete
LAMB2,6,15,19.137217689878607,MNAR
NDUFS5,0,0,19.930373076399718,Complete
MAPRE2,3,7.5,20.025602356143853,MNAR
NIPSNAP3A,4,10,19.94173442593525,MNAR
CACNA1S,8,20,20.057450954585708,MNAR
HSD17B10,0,0,20.060412686500946,Complete
NACA,0,0,20.04179318175672,Complete
NDUFC2,7,17.5,20.04119525584403,MNAR
PPIF,0,0,19.83601433086886,Complete
PPP1R7,0,0,20.069627831445167,Complete
PIN1,2,5,19.892295239070965,MAR
CDH13,0,0,20.011622492519507,Complete
ILK,0,0,19.89452972994419,Complete
GOSR2,11,27.500000000000004,19.924195458224354,MNAR
CAST,0,0,19.821420523806957,Complete
NARS1,0,0,20.048604479595394,Complete
YWHAQ,0,0,19.92031827867479,Complete
MAPT,0,0,19.96786331263997,Complete
ERP44,0,0,19.947537916282123,Complete
NDUFB11,0,0,19.89813341498663,Complete
PA2G4,0,0,19.96201953687977,Complete
IQGAP1,0,0,19.693220860242953,Complete
KPNA4,1,2.5,20.01949901335501,MAR
CTSB,0,0,19.74213804015818,Complete
RPS6KA3,1,2.5,19.99819639062906,MAR
TXN2,1,2.5,19.938889716829344,MAR
MPST,0,0,19.88850675503101,Complete
ASAH1,1,2.5,19.509242515853696,MAR
EIF3J,1,2.5,19.940266630604604,MAR
MT-ND1,6,15,19.8061321971871,MNAR
ALDH1L1,0,0,19.896556715697315,Complete
IDH3G,2,5,19.867747281219398,MAR
CALU,0,0,19.836059674046773,Complete
MYO1C,0,0,19.486145664703766,Complete
BZW2,2,5,19.783588650569847,MAR
OXSR1,0,0,19.91498740098109,Complete
TPP1,4,10,19.597676971259283,MNAR
JSRP1,3,7.5,19.875107040754095,MNAR
PHKG1,3,7.5,19.890442156677608,MNAR
COX7A2,4,10,19.91026600060621,MNAR
MT-ND5,2,5,19.85123448437688,MAR
MAPK1,0,0,19.95145831814147,Complete
SPR,0,0,19.80623001603214,Complete
TOMM70,1,2.5,19.82812512438418,MAR
PUDP,2,5,19.772709515022786,MAR
FBLN1,0,0,19.35971522517533,Complete
PGRMC2,0,0,19.874105384572413,Complete
BLVRA,0,0,19.805493311873068,Complete
CLIC1,0,0,19.495802484182025,Complete
NDUFA12,0,0,19.7312540053047,Complete
SETD7,1,2.5,19.907603131073603,MAR
PGM5,0,0,19.837194895715285,Complete
CAPZA2,0,0,19.804381338636986,Complete
COQ7,3,7.5,19.846160540345508,MNAR
EIF5,0,0,19.905359554837137,Complete
SNCG,8,20,18.46348928126218,MNAR
HNRNPL,3,7.5,19.75247402768831,MNAR
TPPP3,1,2.5,19.657020340283868,MAR
PSMD8,1,2.5,19.90642547622524,MAR
GSTZ1,2,5,19.86351331332072,MAR
MYH14,5,12.5,19.828839402629292,MNAR
SPTBN1,0,0,19.23504523729647,Complete
MAOA,0,0,19.623990336660817,Complete
RRAS,0,0,19.68113867622629,Complete
SERPINB1,0,0,19.896090284930366,Complete
DARS1,0,0,19.86628747755614,Complete
RAB2A,0,0,19.849740028258324,Complete
PPP2R2A,0,0,19.89391515080831,Complete
DIABLO,2,5,19.834059215777817,MAR
COQ3,1,2.5,19.63902988363928,MAR
SCRN2,0,0,19.839575703417925,Complete
UNC45B,2,5,19.839564900447936,MAR
ACTR1A,0,0,19.902918542553724,Complete
PKIA,5,12.5,19.892018877095346,MNAR
PTGR1,1,2.5,19.797543181425738,MAR
STRAP,0,0,19.87568493822049,Complete
ALDH1B1,1,2.5,19.68701903729471,MAR
PABPC1,0,0,19.876180448483815,Complete
GCLC,0,0,19.484030269849004,Complete
EPDR1,0,0,19.794967961725227,Complete
RPS2,0,0,19.853384181170075,Complete
CNDP2,0,0,19.725533201990803,Complete
OBSCN,6,15,19.709900545788965,MNAR
SERPINF2,0,0,19.14857687068544,Complete
COPS8,0,0,19.836863501104038,Complete
C1QC,5,12.5,19.08581245426575,MNAR
RPS6,1,2.5,19.54039474211226,MAR
RPS18,0,0,19.85841976225245,Complete
SNX3,0,0,19.76053176440699,Complete
LRRC47,0,0,19.81966393552838,Complete
SGCD,0,0,19.805772990840456,Complete
PSMD10,0,0,19.798560806873603,Complete
PSMC3,0,0,19.80224866022447,Complete
NDUFB8,4,10,19.73065804409239,MNAR
ADIPOQ,1,2.5,19.820193355589726,MAR
PSMC2,0,0,19.820550812450588,Complete
CDC37,0,0,19.54957127848129,Complete
PDCD5,1,2.5,19.786018469595692,MAR
PSMB7,0,0,19.666599664989523,Complete
LRG1,0,0,19.09099159467768,Complete
TYMP,4,10,18.956439839255058,MNAR
OTUB1,0,0,19.837514706940897,Complete
GRB2,1,2.5,19.787115197891108,MAR
TST,0,0,19.696465708476584,Complete
RPN1,0,0,19.771659155212557,Complete
AFG3L2,4,10,19.69786243345208,MNAR
ECPAS,1,2.5,19.768306476454025,MAR
LASP1,3,7.5,19.11209689198597,MAR
DMD,1,2.5,19.7301032659231,MAR
MT-ND2,7,17.5,19.750627160610314,MNAR
MCTS1,1,2.5,19.748135291600335,MAR
HNRNPH1,0,0,19.71963670913331,Complete
DNPH1,5,12.5,19.742725195518833,MNAR
RPS28,2,5,19.610395957982604,MAR
ASS1,1,2.5,19.53018811405758,MAR
GBE1,0,0,19.735586580899344,Complete
AQP1,5,12.5,19.248326209098728,MNAR
L2HGDH,4,10,19.645674322095775,MNAR
EIF1,0,0,19.70699621467174,Complete
ELOB,0,0,19.741369187883965,Complete
PPP3CB,2,5,19.72680824769888,MAR
KPNA3,2,5,19.674508741275147,MAR
YBX3,0,0,19.63860751936958,Complete
PDIA6,0,0,19.56923245766659,Complete
APMAP,0,0,19.198696563171616,Complete
RPL18,0,0,19.677263959838633,Complete
THY1,7,17.5,18.79096934142056,MNAR
PEA15,5,12.5,18.93803277452143,MNAR
TIMM13,1,2.5,19.552629011369802,MAR
NIT2,0,0,19.724652138716586,Complete
DHRS7B,4,10,19.683715776343135,MNAR
C4A,7,17.5,18.95172894443134,MNAR
PGLS,0,0,19.18374336542232,Complete
PSMD14,1,2.5,19.629894170472127,MAR
COQ10A,5,12.5,19.550471478581407,MNAR
TRIP10,1,2.5,19.69206850148939,MAR
NT5C1A,5,12.5,19.640645893623784,MNAR
PCBP2,0,0,19.643999859874192,Complete
CIRBP,1,2.5,19.6439140664061,MAR
TPM4,0,0,19.116991742496705,Complete
NDUFS8,2,5,19.52395684462519,MAR
PNPO,1,2.5,19.605879249531014,MAR
BCL2L13,1,2.5,19.607984784225188,MAR
PABPC4,4,10,19.677766064891266,MNAR
PHKA2,5,12.5,19.526648674135856,MNAR
ANXA3,0,0,19.610294813017592,Complete
DNAJA4,2,5,19.60413822152244,MAR
PCCA,3,7.5,19.547339446253392,MAR
SET,0,0,19.58186733974402,Complete
PHKB,4,10,19.598021273703033,MNAR
COPS4,0,0,19.652210958866746,Complete
GSS,0,0,19.550443310658434,Complete
GALM,0,0,19.571241341100016,Complete
RPS7,0,0,19.42457268621158,Complete
TMED9,8,20,19.525963610969395,MNAR
ARPC3,0,0,19.183087936416342,Complete
RPS4X,0,0,19.613427732171925,Complete
PDXK,0,0,19.399617612438128,Complete
SNTA1,3,7.5,19.61557782317421,MNAR
AKAP12,1,2.5,18.898809050603543,MAR
COPS6,1,2.5,19.606715000801536,MAR
COL4A2,9,22.5,18.416774491689704,MNAR
VAPB,0,0,19.528077473606746,Complete
FXN,4,10,19.55213931391221,MNAR
RPS24,2,5,19.564785023038052,MAR
RAB21,0,0,19.528841601748177,Complete
KARS1,1,2.5,19.59171210190763,MAR
ADHFE1,1,2.5,19.381987286653864,MAR
NDUFB7,3,7.5,19.5034585025234,MAR
MAP1LC3B2,0,0,19.50791026500504,Complete
LAMP2,0,0,19.510046049906776,Complete
CAMK2B,4,10,19.554259641446848,MNAR
PRMT1,3,7.5,19.548814371712126,MAR
TXNRD1,0,0,19.546933092432546,Complete
CPA3,2,5,19.295323775594426,MAR
HSPG2,0,0,19.095784844331195,Complete
HDHD5,3,7.5,19.436748915739233,MAR
CFI,1,2.5,18.8266490079962,MAR
PPA2,0,0,19.507653612506648,Complete
ARL8B,1,2.5,19.54762408930783,MAR
PTGES2,2,5,19.44392364257609,MAR
ACSL3,1,2.5,19.471421320513606,MAR
GNG12,0,0,19.172639820585758,Complete
DNAJA2,0,0,19.46463488205602,Complete
RPL27A,0,0,19.26774677577957,Complete
TXNL1,0,0,19.508007863409595,Complete
MAP3K20,2,5,19.433672931611937,MAR
YWHAH,0,0,19.44402315349452,Complete
CSE1L,0,0,19.459015778039372,Complete
TFG,0,0,19.372960899970344,Complete
SNX2,0,0,19.231277200933565,Complete
PDCD6IP,0,0,19.465831781760393,Complete
RPS19,0,0,19.410592962327406,Complete
PTPA,0,0,19.33025480160334,Complete
ARPC4,0,0,19.333516953293145,Complete
TFAM,4,10,19.37155539788201,MNAR
PGRMC1,1,2.5,19.179512901514975,MAR
RPL12,0,0,19.33031946794295,Complete
GGCT,0,0,19.417281408940394,Complete
NAGK,0,0,19.361230949998934,Complete
LPP,2,5,19.112192843669515,MAR
PAFAH1B3,0,0,19.11508327890529,Complete
ARPC5,7,17.5,18.805414520789814,MNAR
PFDN2,1,2.5,19.335961113720202,MAR
RPL23,1,2.5,19.319743981550584,MAR
RPL35,6,15,19.12862903590707,MNAR
ACSF2,0,0,19.341331057004414,Complete
NDUFA7,1,2.5,19.146858820407903,MAR
ENOPH1,2,5,19.41988459536086,MAR
PSMD2,0,0,19.402232563832086,Complete
PPME1,2,5,19.27378901561759,MAR
FDPS,0,0,19.372678541437757,Complete
COPS2,0,0,19.36809162400578,Complete
DDX17,1,2.5,19.334410631771636,MAR
CBR4,7,17.5,19.289800060092055,MNAR
UBL5,10,25,19.38690007530913,MNAR
CAB39L,12,30,19.289267477041683,MNAR
MYH11,2,5,18.998753810734705,MAR
HHATL,6,15,19.257305504119056,MNAR
FN3K,1,2.5,19.226022685680466,MAR
SH3BGRL,0,0,18.654795057246645,Complete
UTRN,2,5,19.270116899321792,MAR
MAT2A,0,0,19.327004605150407,Complete
PSMD13,0,0,19.17413090933288,Complete
CAPN3,4,10,19.327738676375333,MNAR
RPL13A,0,0,19.196926226872353,Complete
PSMD12,0,0,19.32908387408186,Complete
COMT,0,0,19.23030998396336,Complete
ALDH6A1,0,0,19.188826851972244,Complete
IMPDH2,3,7.5,19.32420472035136,MAR
MYOF,0,0,19.280307270854646,Complete
PSMD5,4,10,19.14058735472247,MNAR
TXLNB,2,5,19.150070165934597,MAR
ATP5F1E,2,5,19.09974376958835,MAR
CARM1,5,12.5,19.26186197237992,MNAR
SH3BGRL3,2,5,18.703809207754325,MAR
SGCB,5,12.5,19.26538014469587,MNAR
MYOM3,9,22.5,18.754392577643333,MNAR
FBXO7,7,17.5,18.67930065560119,MNAR
MAP2K1,1,2.5,19.26986033736863,MAR
DYNLL1,1,2.5,19.267438058080828,MAR
SQOR,5,12.5,19.099101501477325,MNAR
PSME2,1,2.5,19.126125998109128,MAR
CPNE3,0,0,19.225599883181587,Complete
ECHDC1,2,5,18.88149356910731,MAR
ASPH,0,0,18.875141443140592,Complete
GNAS,0,0,19.153518680817392,Complete
CAMK2G,3,7.5,19.244197631685697,MAR
APOO,1,2.5,18.966996147368302,MAR
JPH2,4,10,19.250164520507155,MNAR
PTMS,1,2.5,18.806601610748306,MAR
ART3,4,10,19.20296279194635,MNAR
LAMC1,5,12.5,18.370162094512793,MNAR
SRSF2,0,0,19.10316499165441,Complete
ENDOG,7,17.5,19.14494079588094,MNAR
SYNGR2,4,10,19.128477974066822,MNAR
XRCC5,0,0,19.17591901372065,Complete
TMEM38A,5,12.5,19.117895158805435,MNAR
SDR39U1,1,2.5,18.888113533343965,MAR
TMLHE,6,15,19.20243056338961,MNAR
SYNJ2BP,0,0,19.162817581658473,Complete
PLCD4,5,12.5,19.240276932757723,MNAR
PRKG1,4,10,19.15902072656335,MNAR
OPA1,0,0,19.126376305275237,Complete
SEC22B,0,0,19.102705325534608,Complete
OXCT1,1,2.5,18.88258538227194,MAR
PFDN6,0,0,19.14676954282558,Complete
TSPO,0,0,18.99876279698379,Complete
ALDH7A1,0,0,19.101983382530054,Complete
PSMD11,0,0,19.169645297074286,Complete
DNM1L,0,0,19.114220730431214,Complete
NID1,7,17.5,18.538529204430827,MNAR
HSD17B8,1,2.5,19.030124205479776,MAR
SORBS1,7,17.5,18.23856647672586,MNAR
PDAP1,0,0,19.114847244628645,Complete
HNRNPA3,1,2.5,18.68455124095599,MAR
H1-0,2,5,18.946439409410868,MAR
PARVA,1,2.5,18.79542806888673,MAR
LACTB,1,2.5,19.06575046039123,MAR
FSCN1,0,0,18.644230198938267,Complete
JPH1,2,5,18.98448541430029,MAR
RPS13,4,10,19.07752353806396,MNAR
RPL31,1,2.5,18.92999863298929,MAR
TGFBI,3,7.5,18.490709437597985,MAR
NSF,0,0,19.070219710414623,Complete
PRMT5,1,2.5,19.1208246060117,MAR
TOM1,0,0,19.019846971701355,Complete
SELENOW,6,15,19.089626174077154,MNAR
COPS5,0,0,19.112250721977368,Complete
DAG1,0,0,19.02404055164473,Complete
SRP9,12,30,19.09264479544057,MNAR
PREB,1,2.5,18.996753709946713,MAR
DCTN2,0,0,19.016287420962165,Complete
PSMD4,0,0,19.06809188944725,Complete
LONP1,1,2.5,19.06417267654892,MAR
FUS,0,0,18.991452354993164,Complete
CNN3,8,20,18.27850393195638,MNAR
COBL,7,17.5,19.018594907343207,MNAR
RTCB,0,0,19.057134562816692,Complete
SEPTIN9,1,2.5,18.699758349547093,MAR
RPL38,0,0,18.923274216670347,Complete
EIF2S1,0,0,19.070149269715387,Complete
SLC25A20,1,2.5,18.998968795483147,MAR
ARHGAP1,0,0,18.708616538154928,Complete
COPS7A,1,2.5,19.045399148113955,MAR
ELOC,0,0,19.009263501930615,Complete
DBT,5,12.5,18.93171586462151,MNAR
BDH1,3,7.5,18.74999796274293,MAR
PAFAH1B1,0,0,19.04435076803411,Complete
NEK7,2,5,18.99096314789553,MAR
ERI3,2,5,19.01186109962004,MAR
UBE2M,0,0,18.902553052482197,Complete
RPL8,4,10,18.775866812575998,MNAR
NDUFS4,1,2.5,18.873927605612263,MAR
RPS17,4,10,18.890474447654707,MNAR
RAP2B,4,10,18.790684045663507,MNAR
TMED10,1,2.5,18.892373848800982,MAR
VPS4A,7,17.5,18.97706010848486,MNAR
SGCA,5,12.5,19.00038930531794,MNAR
PRKAA2,6,15,18.853096535945657,MNAR
DNPEP,0,0,18.971497950371198,Complete
PLPBP,0,0,18.899219142468215,Complete
RAB14,2,5,18.880996858072056,MAR
RPL13,0,0,18.745398994902732,Complete
RALA,0,0,18.809679128925644,Complete
KIF5B,0,0,18.879442272258878,Complete
PSMD1,0,0,18.92480126704776,Complete
PFDN1,7,17.5,18.847546383421804,MNAR
SCCPDH,0,0,18.894009530769132,Complete
SLMAP,5,12.5,18.89682192722905,MNAR
GCDH,9,22.5,18.8243728488791,MNAR
MGLL,4,10,18.304494204562683,MNAR
SCRN3,6,15,18.876274194258585,MNAR
MECR,3,7.5,18.81661990927856,MAR
TRAP1,1,2.5,18.865334967765023,MAR
DENR,9,22.5,18.875121502831433,MNAR
ENDOD1,0,0,18.88140465559264,Complete
COQ10B,6,15,18.66435980843209,MNAR
SEPTIN2,0,0,18.75523555271258,Complete
UBE2K,0,0,18.919395683764215,Complete
EPRS1,0,0,18.889150162185295,Complete
GPS1,1,2.5,18.91254698641772,MAR
PANK4,1,2.5,18.880000288780643,MAR
HNRNPR,0,0,18.820430314040685,Complete
AP2A1,0,0,18.75167008598521,Complete
NAPRT,1,2.5,18.7955541491651,MAR
PEPD,0,0,18.82925020361038,Complete
SULT1A1,3,7.5,18.32760765573455,MAR
RPS21,1,2.5,18.844620779653567,MAR
ERAP1,2,5,18.808858754705334,MAR
ERGIC1,0,0,18.791430540619263,Complete
RPS15,10,25,17.36137246802159,MNAR
PLIN2,5,12.5,18.69270748059448,MNAR
EFEMP1,1,2.5,18.183764782953844,MAR
IVD,1,2.5,18.801845602458744,MAR
RPL17,4,10,18.653367669369587,MNAR
SYNCRIP,0,0,18.748477288463796,Complete
PTBP1,2,5,17.99957646704749,MAR
RPS8,1,2.5,18.829510355047084,MAR
SPRYD4,2,5,18.775532912393402,MAR
DPP3,0,0,18.789816232296065,Complete
CCS,1,2.5,18.536688297816116,MAR
MT-ATP8,5,12.5,18.583218318760593,MNAR
OCIAD1,8,20,18.8633598088958,MNAR
TNS1,0,0,18.31754063040247,Complete
EIF3A,0,0,18.842662264325376,Complete
PURA,1,2.5,18.744502913472463,MAR
ESYT1,0,0,18.40002951790423,Complete
SUCLG2,1,2.5,18.65996251480851,MAR
DDOST,2,5,18.825155019559098,MAR
VARS1,2,5,18.782239267306128,MAR
RPL27,8,20,18.78244742018254,MNAR
ITGA7,0,0,18.696302105680825,Complete
NPLOC4,0,0,18.808964113546736,Complete
FECH,2,5,18.74339643308782,MAR
GLIPR2,6,15,17.920844438500605,MNAR
NIBAN1,2,5,18.73430000085916,MAR
ISOC1,4,10,18.772506233428825,MNAR
ABHD10,2,5,18.75958081198487,MAR
NDUFA11,5,12.5,18.73575229670489,MNAR
TRIM54,4,10,18.792810703673393,MNAR
SNRPD3,1,2.5,18.787651190883462,MAR
ME2,1,2.5,18.75740650675026,MAR
PSMC4,0,0,18.76670927318343,Complete
RTCA,2,5,18.78488038213094,MAR
NDUFB5,2,5,18.636174231757533,MAR
ERLIN2,0,0,18.738419309077933,Complete
PDCD6,2,5,18.68292975987701,MAR
LXN,3,7.5,18.137162864273293,MAR
VAMP3,3,7.5,18.603677311200624,MAR
LYPLA2,1,2.5,18.748139733927818,MAR
VAMP2,2,5,18.476597228270165,MAR
RPL7A,0,0,18.696374915870262,Complete
UBE2I,0,0,18.6788727375317,Complete
NRAP,5,12.5,18.648174719244437,MNAR
PSMC5,0,0,18.753543066489478,Complete
PRKAG1,1,2.5,18.65939495739051,MAR
XRCC6,1,2.5,18.703536090526367,MAR
PAICS,0,0,18.71766734281075,Complete
MTAP,0,0,18.675677896614523,Complete
SLC16A1,0,0,18.615646196892282,Complete
HLA-DRA,5,12.5,18.46348270624965,MNAR
FAM114A2,0,0,18.575017862179543,Complete
CPPED1,2,5,18.598016980928442,MAR
RPN2,0,0,18.700807990083973,Complete
CYB5B,0,0,18.52193074160791,Complete
NAMPT,0,0,18.627895407975934,Complete
CAMK2A,5,12.5,18.68437836736842,MNAR
SGTA,0,0,18.667944801023925,Complete
CNN2,7,17.5,17.949700554388727,MNAR
IAH1,0,0,18.589402458574746,Complete
UBAC1,1,2.5,18.64112725352974,MAR
CLTB,2,5,18.374243527967504,MAR
HNRNPA1,0,0,18.431278552241015,Complete
APOL1,6,15,17.80853984397076,MNAR
SUOX,3,7.5,18.503303526028674,MAR
HSPB8,2,5,18.493498696553047,MAR
PSMD9,0,0,18.478121748670898,Complete
MCEE,11,27.500000000000004,18.500096840548018,MNAR
SIRT3,6,15,18.515320411525778,MNAR
XPNPEP1,0,0,18.58972186537203,Complete
MAPRE1,0,0,18.552904223981113,Complete
SRSF1,1,2.5,18.50730231463567,MAR
SHMT1,1,2.5,18.537407540884196,MAR
SRSF6,6,15,18.534630249566504,MNAR
HNRNPH2,3,7.5,18.539690313010563,MAR
TMEM205,1,2.5,18.583433083080106,MAR
ERP29,3,7.5,18.476457117146346,MAR
DNM2,0,0,18.57815556981918,Complete
CACNB1,5,12.5,18.609051186969577,MNAR
VTA1,3,7.5,18.59461697369103,MAR
ACY1,1,2.5,18.501186060888113,MAR
CALD1,3,7.5,17.71639571375048,MAR
RANBP1,1,2.5,18.21494526667494,MAR
STUB1,5,12.5,18.5578569288882,MNAR
METAP2,1,2.5,18.535507725938803,MAR
BZW1,1,2.5,18.44630490282523,MAR
CTSG,12,30,18.035953985668133,MNAR
MAPK12,4,10,18.475049856542483,MNAR
GCLM,1,2.5,18.1909119638784,MAR
SYPL1,0,0,18.497073165806327,Complete
FERMT2,0,0,18.452715858283703,Complete
HNRNPU,0,0,18.39819520264587,Complete
NIT1,1,2.5,18.48563318827807,MAR
COQ5,2,5,18.416275585823485,MAR
RNF123,1,2.5,18.50854239675222,MAR
COPB2,1,2.5,18.30904089348432,MAR
SYNM,2,5,18.11097246059635,MAR
SEC23A,2,5,18.4801667792804,MAR
USO1,0,0,18.456930805330565,Complete
SARS1,3,7.5,18.509384083555023,MAR
GARS1,1,2.5,18.486059976534257,MAR
GMFG,11,27.500000000000004,17.986851211921554,MNAR
ASPA,5,12.5,18.451350648157035,MNAR
PGM2,5,12.5,18.17693943761799,MNAR
KRAS,1,2.5,18.339205322526972,MAR
NIF3L1,0,0,18.43629376262642,Complete
RNF7,7,17.5,18.40931448545604,MNAR
RPS11,8,20,18.382706672755454,MNAR
RPL30,0,0,18.402972917824645,Complete
LIMS1,0,0,18.36724630964437,Complete
DDAH2,1,2.5,17.665689603840445,MAR
TLN2,1,2.5,18.135957752572406,MAR
PTRHD1,6,15,18.3217864732527,MNAR
FAHD1,3,7.5,18.34139540445671,MAR
MCM3AP,6,15,18.11100118904069,MNAR
HSD17B12,0,0,18.336578094778567,Complete
EPB41L2,0,0,17.90917845484037,Complete
HNRNPDL,0,0,18.33599110774916,Complete
SEPTIN11,2,5,18.09001009322419,MAR
UFM1,0,0,18.265969783337038,Complete
PPP5C,0,0,18.363154468648737,Complete
CNBP,3,7.5,18.1465252557637,MAR
ATP6V1E1,0,0,18.188412103756022,Complete
RTN3,3,7.5,17.880436778240732,MAR
MAPK3,2,5,18.133194228020887,MAR
PUF60,12,30,16.824274959155,MNAR
PICALM,6,15,17.79689031207152,MNAR
COX19,7,17.5,18.328602213802185,MNAR
ACAT2,9,22.5,17.840483170853485,MNAR
PDIA4,3,7.5,17.982999290729886,MAR
FAM136A,13,32.5,18.386973546156113,MNAR
VPS35,0,0,18.21467294595524,Complete
PRKAA1,3,7.5,18.258928363316606,MAR
COA6,1,2.5,18.185896086593797,MAR
RPL6,1,2.5,18.21663101670157,MAR
MCU,1,2.5,18.277323481143625,MAR
VPS26A,1,2.5,18.289880551840724,MAR
ARPP19,6,15,18.26973072008263,MNAR
ARPC2,1,2.5,18.144177547973214,MAR
GSTM4,12,30,17.827274858749103,MNAR
OPTN,3,7.5,18.228083508872498,MAR
ARF6,12,30,18.24514065560294,MNAR
PRDX4,0,0,18.227905028356354,Complete
DYNC1LI2,13,32.5,17.740350156063172,MNAR
TPP2,1,2.5,18.216483851869974,MAR
HMBS,5,12.5,17.96481305427086,MNAR
AIMP1,2,5,18.27070085571488,MAR
AHSA1,2,5,18.24853550119825,MAR
CRIP2,0,0,17.556958014406902,Complete
ACTR3,0,0,18.14607501556585,Complete
TIPRL,0,0,18.216883435378943,Complete
PPM1B,7,17.5,18.21909401551096,MNAR
HIKESHI,3,7.5,18.209863035022533,MAR
QARS1,2,5,18.254273384113812,MAR
LGALS3BP,1,2.5,17.749575321750626,MAR
USP9X,3,7.5,18.261989240640975,MAR
KCTD12,2,5,17.95108660555642,MAR
PITHD1,3,7.5,17.92413669583963,MAR
TMX4,3,7.5,18.261317310643292,MAR
TGM2,1,2.5,18.02357656766738,MAR
MMUT,7,17.5,18.16469656660677,MNAR
TBCB,0,0,18.204352972053425,Complete
STMN1,13,32.5,17.759548850324514,MNAR
NUDT3,4,10,18.267005020781905,MNAR
NDUFA3,9,22.5,17.989868281533322,MNAR
ACAD8,3,7.5,18.083402885535126,MAR
SUB1,0,0,17.957877654617928,Complete
ADK,1,2.5,18.150930601512975,MAR
SSB,5,12.5,18.15284696861293,MNAR
LAMP1,3,7.5,17.785394621208155,MAR
EIF1AX,1,2.5,18.18357783922377,MAR
CSDE1,1,2.5,18.161193576111202,MAR
FBLN2,0,0,17.90238702847382,Complete
RAB1A,1,2.5,17.8227374911033,MAR
MPP1,3,7.5,17.667996668802008,MAR
HMGCL,5,12.5,18.196554555346452,MNAR
DDX1,1,2.5,18.18545960744957,MAR
AP2B1,0,0,18.122385963571972,Complete
HINT3,4,10,18.163193520673435,MAR
MPC1,13,32.5,17.66855601554262,MNAR
PSMD6,0,0,18.16137014834589,Complete
LDHD,5,12.5,17.894083564436283,MNAR
NAP1L1,2,5,18.131882053008784,MAR
HLA-A,0,0,17.92464477616215,Complete
HNRNPC,11,27.500000000000004,17.594174185401652,MNAR
APEX1,1,2.5,18.074066793141135,MAR
FXYD1,10,25,17.875972142586527,MNAR
COA3,6,15,18.03622574168089,MNAR
CNIH4,4,10,18.150073602268762,MAR
DTD1,5,12.5,18.09845181018169,MNAR
ACTR2,0,0,17.971687343277445,Complete
C8G,1,2.5,17.59168655738966,MAR
RAB12,6,15,18.132861195485127,MNAR
SLIRP,3,7.5,18.106476584049545,MAR
UBXN1,0,0,18.106423596929837,Complete
NPEPL1,4,10,18.076935640903933,MAR
VPS29,4,10,17.919259499799693,MAR
RPS14,1,2.5,17.60837902931099,MAR
DDX19A,0,0,17.96066684563074,Complete
EIF4E,0,0,18.065714350986074,Complete
DYNC1I2,0,0,17.856488475479754,Complete
FLOT1,0,0,17.907987465364663,Complete
TNXB,7,17.5,17.50748608155589,MNAR
SSBP1,1,2.5,17.970186561108616,MAR
PPP1R2,4,10,18.02865108320553,MAR
TIMM44,1,2.5,17.916600622650257,MAR
METTL26,4,10,18.07184843563903,MAR
XPO1,2,5,18.0599564060166,MAR
RPL24,10,25,17.8577350731207,MNAR
ATP6V1A,0,0,17.977944418020375,Complete
ARMT1,3,7.5,18.05554989470776,MAR
MLEC,0,0,18.005315546664427,Complete
NXN,6,15,18.033673387008804,MNAR
EIF3B,2,5,18.04576176252617,MAR
DDX39B,0,0,17.97601991707146,Complete
SNX12,8,20,17.819558914064782,MNAR
DTNA,4,10,17.96152124831166,MAR
GLUL,2,5,17.647887323014693,MAR
GLRX3,2,5,17.905271772053062,MAR
GNA11,3,7.5,17.891557625110732,MAR
FLOT2,0,0,17.763048431189098,Complete
SPPL2A,10,25,17.918241870893283,MNAR
RPL9,4,10,17.82241345656197,MAR
PPM1A,0,0,17.99037029484412,Complete
VPS25,7,17.5,17.965976037865527,MNAR
MT-ND3,2,5,17.783466266999007,MAR
GMPR,1,2.5,17.87464672767855,MAR
CHMP2A,1,2.5,17.820293974748683,MAR
TRMT112,6,15,17.983410510973773,MNAR
RPL15,0,0,17.94149730079013,Complete
PFDN5,0,0,17.950422719975414,Complete
RPIA,1,2.5,17.856185424483012,MAR
RRAD,9,22.5,17.97824162782089,MNAR
RRAS2,9,22.5,17.8337255626109,MNAR
IDI1,7,17.5,17.9203458677884,MNAR
RPL4,1,2.5,17.917829759838323,MAR
RARS1,2,5,17.96681616420564,MAR
TXNDC5,8,20,17.422413075629358,MNAR
ABCF1,3,7.5,17.902244950040448,MAR
PPIL3,0,0,17.902817130752243,Complete
NT5C,2,5,17.84354134884554,MAR
HDHD2,4,10,17.917260282369767,MAR
PAK2,0,0,17.905033620313652,Complete
DEPTOR,6,15,17.9781697515576,MNAR
PRPSAP2,5,12.5,17.762678990006176,MNAR
NLN,4,10,17.787916809773865,MAR
BTF3L4,0,0,17.869970337380842,Complete
CDV3,7,17.5,17.790151385333772,MNAR
EIF3E,1,2.5,17.93117266034883,MAR
RAB5B,2,5,17.844122304254505,MAR
SH3GLB1,1,2.5,17.88034819569934,MAR
SNTB1,0,0,17.801411025217227,Complete
GSPT1,1,2.5,17.903746980382632,MAR
EIF2S3,0,0,17.908410867927778,Complete
TIMM50,12,30,17.852109772840958,MNAR
IPO7,0,0,17.840286451725852,Complete
DCTN1,1,2.5,17.848883459855163,MAR
LMAN2,4,10,17.79200398108038,MAR
NDUFV3,7,17.5,17.76868537357432,MNAR
DDX3X,1,2.5,17.830558943689688,MAR
CUL4A,2,5,17.821063571408953,MAR
ECHDC3,8,20,17.68993958529621,MNAR
LNPK,1,2.5,17.77429524702258,MAR
DCUN1D1,6,15,17.779652367396142,MNAR
PIN4,2,5,17.802725086600805,MAR
SMS,5,12.5,17.75246687097334,MNAR
AGO2,2,5,17.75924432254634,MAR
RCN1,1,2.5,17.590660276215328,MAR
CUL3,5,12.5,17.861661016479207,MNAR
ADD1,1,2.5,17.228198462788953,MAR
ATP6V1G1,6,15,17.723045196413945,MNAR
CLIP1,1,2.5,17.791738213599945,MAR
EIF3C,5,12.5,17.807261060589674,MNAR
PSMD3,0,0,17.754579505363957,Complete
DHX9,2,5,17.619779773293583,MAR
EIF3G,2,5,17.695168683554297,MAR
COX17,5,12.5,17.175670876606233,MNAR
SURF1,8,20,17.70366835128133,MNAR
AHCYL1,0,0,17.73318211559552,Complete
STXBP3,3,7.5,17.587665015033483,MAR
TMEM256,14,35,17.37117813995094,MNAR
GYPC,2,5,17.342683996162076,MAR
TBC1D17,6,15,17.763492013223726,MNAR
EML1,3,7.5,17.692041351393144,MAR
SCARB2,0,0,17.604240721186173,Complete
CNP,6,15,17.442493151703072,MNAR
RCN2,1,2.5,17.561504562312386,MAR
PITRM1,1,2.5,17.68616671018989,MAR
MAT2B,2,5,17.703474549491908,MAR
CHCHD10,9,22.5,17.674303458662255,MNAR
CPNE1,2,5,17.657076952846502,MAR
RBMX,10,25,17.38974092426071,MNAR
CD63,5,12.5,17.45366310860578,MNAR
AP1B1,3,7.5,17.279154122861307,MAR
PLIN5,5,12.5,17.568240462189575,MNAR
IST1,4,10,17.666770921463286,MAR
TMED2,4,10,17.589142615622386,MAR
NDUFAF4,9,22.5,17.538134589924262,MNAR
SESN1,10,25,17.71495778912421,MNAR
GART,1,2.5,17.677897014706843,MAR
TMEM143,3,7.5,17.622083525305648,MAR
SMIM20,5,12.5,17.626822381591442,MNAR
MT-ND4,9,22.5,17.455735458500207,MNAR
ATP6V1B2,0,0,17.66446584148013,Complete
STX7,0,0,17.31683390069102,Complete
DYNLRB1,3,7.5,17.35257151278324,MAR
RHOG,4,10,16.937606696505192,MAR
RUVBL2,0,0,17.504973235291978,Complete
CUL2,3,7.5,17.6608234726752,MAR
HMGB2,1,2.5,17.50454558550052,MAR
CPT1A,8,20,17.51888460824946,MNAR
SLC44A2,4,10,17.60502273957186,MAR
SHMT2,9,22.5,17.555174695496422,MNAR
COPS3,0,0,17.592590208172233,Complete
KYAT1,11,27.500000000000004,17.612903590909163,MNAR
TMOD1,1,2.5,17.144542051067173,MAR
SRM,3,7.5,17.461682065034914,MAR
EEA1,1,2.5,17.384148806938477,MAR
NNMT,14,35,17.225703683692952,MNAR
RDH14,7,17.5,17.585204232699088,MNAR
GABARAPL2,7,17.5,17.581382922496424,MNAR
CUL1,1,2.5,17.547617358475467,MAR
INPP1,6,15,17.594826088634616,MNAR
HNRNPH3,2,5,17.507282923071205,MAR
ALDH16A1,2,5,17.30872388039355,MAR
HEBP1,0,0,17.033081688037235,Complete
PARVB,1,2.5,17.4348016735919,MAR
RMDN1,2,5,17.524033815935752,MAR
H6PD,1,2.5,17.5830363051859,MAR
NAE1,2,5,17.585827453427356,MAR
MIEN1,2,5,17.47358696926911,MAR
RBBP4,6,15,17.530155632629256,MNAR
EIF3F,2,5,17.551206850807237,MAR
ITGA1,11,27.500000000000004,17.322113025567532,MNAR
FN3KRP,8,20,17.507598849346856,MNAR
VPS4B,2,5,17.561395618026864,MAR
RPS27,4,10,17.495858409414033,MAR
IDE,0,0,17.46690358698165,Complete
CLIC4,0,0,17.2600978226466,Complete
NFU1,9,22.5,17.456221376383958,MNAR
HBS1L,8,20,17.573739307459572,MNAR
NANS,7,17.5,17.346989589235633,MNAR
RPL11,0,0,17.431894258543558,Complete
YKT6,12,30,17.475365512478124,MNAR
LACTB2,4,10,17.53121621096053,MAR
TMX1,2,5,17.425210631200535,MAR
C11orf68,6,15,17.482638482492863,MNAR
PRKCQ,12,30,17.5327461483837,MNAR
SRPRB,5,12.5,17.46752592339652,MNAR
ARHGDIB,6,15,17.006670286405583,MNAR
CSRP2,8,20,16.881924712456573,MNAR
USP15,0,0,17.251678337385307,Complete
HPCAL1,2,5,17.390907415419967,MAR
MDP1,1,2.5,17.452166219383418,MAR
CES2,3,7.5,17.34825981276141,MAR
ACAA1,4,10,17.327402773484152,MAR
PTPN11,0,0,17.39066431855864,Complete
DEK,7,17.5,17.397372786527605,MNAR
LRRC59,6,15,16.87675817497568,MNAR
BDH2,6,15,17.269737160401682,MNAR
AIMP2,1,2.5,17.41827187520069,MAR
RPL19,0,0,17.351288890054317,Complete
TIMM8A,13,32.5,17.213514080508975,MNAR
FARSA,2,5,17.41500031432197,MAR
CTSZ,3,7.5,16.968203039710335,MAR
VWF,10,25,17.061656764625713,MNAR
STOML2,4,10,17.34020617903794,MAR
SRSF3,1,2.5,17.331948477424383,MAR
NHLRC2,2,5,17.427669931728225,MAR
MAPK9,11,27.500000000000004,17.39818454567624,MNAR
SSPN,2,5,17.21255848825143,MAR
PECAM1,3,7.5,17.127428687938863,MAR
PSMD7,0,0,17.161591259879994,Complete
MAPK14,9,22.5,17.38916401506436,MNAR
EHBP1L1,3,7.5,17.37550833212833,MAR
SNX5,4,10,17.225066309404337,MAR
OPLAH,3,7.5,17.380413267846986,MAR
TMEM126A,6,15,17.329263487834854,MNAR
EIF2S2,2,5,17.207064007417568,MAR
EIF6,0,0,17.306585741195228,Complete
BOLA2,3,7.5,17.195612872627,MAR
WDR77,0,0,17.321558168786158,Complete
SFPQ,3,7.5,17.22137714098941,MAR
LAMA2,14,35,16.891142411694425,MNAR
LZIC,3,7.5,17.295226319721536,MAR
RPS26,2,5,17.135596983555143,MAR
ABCF2,11,27.500000000000004,17.223547013313834,MNAR
AP2M1,0,0,17.254578345580704,Complete
HSD17B4,1,2.5,17.25874806546829,MAR
ACAD9,3,7.5,17.212529953108632,MAR
KHSRP,4,10,17.097563875156325,MAR
NPC2,3,7.5,16.919874977583426,MAR
UFD1,4,10,17.305187030856285,MAR
MVP,4,10,16.929183126774497,MAR
PRKAB2,8,20,17.34550904930637,MNAR
SIRT5,1,2.5,17.198968759744215,MAR
SCP2,1,2.5,17.11357828038209,MAR
DMAC2L,10,25,17.278248520943425,MNAR
PMM2,0,0,17.16495723210438,Complete
ACSS1,10,25,17.35864471646754,MNAR
ARPC1B,6,15,16.66478744144735,MNAR
LGALSL,13,32.5,17.287484665243447,MNAR
COPB1,1,2.5,17.103815459132676,MAR
RTN4IP1,11,27.500000000000004,17.25237967709053,MNAR
AARS1,0,0,17.27622394837135,Complete
SERBP1,5,12.5,17.156240968837757,MNAR
TXNDC12,5,12.5,17.065822404781333,MNAR
ZYX,0,0,16.94152645674711,Complete
MCCC1,4,10,17.204992570604297,MAR
AARSD1,3,7.5,17.258280196713027,MAR
SRP14,1,2.5,17.08955160693203,MAR
LMAN1,2,5,17.206578857188557,MAR
JUP,9,22.5,17.160655581397382,MNAR
KHDRBS1,10,25,17.018441217149213,MNAR
SUGT1,0,0,17.138311953796745,Complete
UBA3,0,0,17.214629516106353,Complete
PLGRKT,2,5,17.143396697555545,MAR
EZR,2,5,17.043503804559027,MAR
DBNL,3,7.5,16.870895896542507,MAR
LYPLAL1,6,15,17.202866231908253,MNAR
FAM98B,8,20,17.15379008083051,MNAR
ATL2,8,20,17.153584986920713,MNAR
PPP2R5A,5,12.5,17.181668324639162,MNAR
DNAJB1,9,22.5,16.96017972937299,MNAR
CRADD,9,22.5,16.870759921539257,MNAR
LETM1,1,2.5,17.080080098851617,MAR
NFIC,3,7.5,17.158910711214695,MAR
AUH,5,12.5,17.036067145947396,MNAR
ENSA,8,20,17.12932932807837,MNAR
PPIL1,1,2.5,17.104248626105665,MAR
ABCA8,17,42.5,16.94709004951179,MNAR
BCKDHB,10,25,16.961286943814983,MNAR
PRPSAP1,13,32.5,16.99940946216671,MNAR
ETF1,2,5,17.10404917736663,MAR
EIF3L,2,5,17.100722741996528,MAR
SENP8,9,22.5,17.15419252674223,MNAR
ARCN1,3,7.5,17.01978891719776,MAR
TATDN1,4,10,17.101316785052,MAR
MGST2,7,17.5,16.99940591025176,MNAR
HNRNPM,8,20,16.6891205758682,MNAR
NUDCD2,0,0,16.97909320976889,Complete
CLIC6,2,5,16.87054873905616,MAR
PLAA,1,2.5,17.018891318717184,MAR
PFKFB2,7,17.5,17.05205121876139,MNAR
FAHD2A,2,5,16.99166493621461,MAR
BROX,4,10,17.006210186219278,MAR
EIF3M,12,30,17.121432277216567,MNAR
UBQLN1,1,2.5,16.99330553210346,MAR
BCKDHA,2,5,16.94832747339339,MAR
CHMP4B,0,0,16.967799541073525,Complete
NAA50,13,32.5,16.978155446148154,MNAR
PPP1R14B,8,20,16.856711610404957,MNAR
BPNT1,0,0,16.976240727872405,Complete
KPNA6,4,10,17.01883402116142,MAR
LMNB2,12,30,16.781341154031708,MNAR
PGM2L1,1,2.5,16.85850774127173,MAR
PARP1,2,5,16.933200556974796,MAR
TSG101,7,17.5,16.972140217050672,MNAR
GLS,10,25,16.793355487671434,MNAR
AP2A2,10,25,16.6604343286556,MNAR
RO60,5,12.5,16.78718899067873,MAR
LSM3,13,32.5,16.923653627640437,MNAR
CSNK2A1,5,12.5,16.949714269926258,MNAR
HNRNPUL1,9,22.5,16.605573322723185,MNAR
STAT5B,1,2.5,16.89190667817358,MAR
MME,7,17.5,16.91287044840104,MNAR
LANCL2,11,27.500000000000004,16.904944332444483,MNAR
MICU2,12,30,16.81923971640999,MNAR
ETHE1,8,20,16.86234606784136,MNAR
MLIP,11,27.500000000000004,16.674213798593684,MNAR
CTTN,0,0,16.543481377225092,Complete
MYL9,1,2.5,16.52405158817351,MAR
COPZ1,7,17.5,16.756626061888685,MNAR
C9orf64,6,15,16.883407394306875,MNAR
RHOC,12,30,16.472441561241066,MNAR
EIF3D,3,7.5,16.811832306112464,MAR
GALK1,5,12.5,16.812449025728487,MAR
TSNAX,5,12.5,16.834714349687975,MNAR
STAT3,5,12.5,16.820711795577225,MAR
ACSS2,1,2.5,16.760636693992936,MAR
SRP54,15,37.5,16.67041938757885,MNAR
LHPP,3,7.5,16.365517102758346,MAR
ARRB1,14,35,16.270200491836626,MNAR
ARL8A,8,20,16.802146656712107,MNAR
TOM1L2,8,20,16.750316680329345,MNAR
LAMB3,10,25,16.78674469362922,MNAR
LAMTOR1,7,17.5,16.494492890755414,MNAR
UROD,2,5,16.48558115686748,MAR
MAP2K4,5,12.5,16.803678477173342,MAR
UQCC2,13,32.5,16.79659290185147,MNAR
TECR,4,10,16.69037224771187,MAR
RCSD1,2,5,16.726543673982775,MAR
PDP1,12,30,16.647019630075054,MNAR
TARDBP,3,7.5,16.666569636887502,MAR
RAB18,2,5,16.734253969802317,MAR
HARS1,0,0,16.726823331324372,Complete
MBNL1,7,17.5,16.758493587715403,MNAR
PALMD,8,20,16.395930140315286,MNAR
VPS36,4,10,16.697433945131245,MAR
PCCB,1,2.5,16.663806818534024,MAR
TIMM9,11,27.500000000000004,16.59776382419628,MNAR
SFXN1,4,10,16.625826681133752,MAR
TKFC,4,10,16.68097622881567,MAR
OSBP,1,2.5,16.680585611254447,MAR
PCYT1A,4,10,16.59041602060158,MAR
SIRT2,6,15,16.605601597130807,MNAR
ESYT2,8,20,16.570228186080886,MNAR
COPA,6,15,16.579256730335224,MNAR
MLYCD,10,25,16.642142375077448,MNAR
LRPAP1,9,22.5,16.292166304537563,MNAR
FKBP4,0,0,16.61181288877291,Complete
SYNPO,11,27.500000000000004,16.565843850756867,MNAR
DCAF6,5,12.5,16.66663750413148,MAR
DYNC1LI1,5,12.5,16.629989615178253,MAR
PIP4K2A,14,35,16.39686513184046,MNAR
LNPEP,7,17.5,16.45258400346754,MNAR
LSM2,2,5,16.26748623763932,MAR
FYCO1,3,7.5,16.543083143536965,MAR
EIF4B,4,10,16.316100171549934,MAR
MAPKAPK2,9,22.5,16.603670121140805,MNAR
RIC8A,4,10,16.461019834827724,MAR
MYPN,4,10,16.51717683617457,MAR
SDCBP,4,10,16.37838071812042,MAR
MFN2,2,5,16.548730454746867,MAR
EIF4G2,8,20,16.505462355772547,MNAR
NUDC,2,5,16.521828382949565,MAR
PRKRA,7,17.5,16.511607465856667,MNAR
LCMT1,4,10,16.53289611254942,MAR
LYZ,4,10,16.13286213529223,MAR
JAGN1,9,22.5,16.514758264606126,MNAR
HYOU1,0,0,16.3120620232389,Complete
SEC13,9,22.5,16.485722217645083,MNAR
ATP2B4,1,2.5,16.129723989748125,MAR
HLA-B,5,12.5,16.263834009933507,MAR
SNX1,6,15,16.02748130223985,MNAR
PCYT2,6,15,16.483669384170575,MNAR
LSS,3,7.5,16.413701725986513,MAR
GAA,1,2.5,16.40207173700981,MAR
PFDN4,0,0,16.396598057391714,Complete
FUBP1,2,5,16.414729091669148,MAR
CBX3,9,22.5,16.328331946728852,MNAR
TRAPPC3,5,12.5,16.381891658332677,MAR
HTRA2,7,17.5,16.373806454968967,MNAR
APIP,11,27.500000000000004,16.406122550148933,MNAR
RUVBL1,4,10,16.203171874538846,MAR
HSPA1L,0,0,16.267337792234066,Complete
THOP1,2,5,16.35891455064647,MAR
MXRA7,5,12.5,15.697170558146782,MAR
CLPP,5,12.5,16.319388525382287,MAR
MOB2,10,25,16.286741665995258,MNAR
MAVS,4,10,16.340440362962067,MAR
TRIM25,8,20,16.260215921431598,MNAR
CARS1,1,2.5,16.17749596961826,MAR
RAP1A,10,25,15.394185234117773,MNAR
TPPP,6,15,16.240948433701192,MNAR
DHRS4,1,2.5,16.262609800593737,MAR
COPG1,0,0,16.12774849566608,Complete
RABGGTA,7,17.5,16.36821419497532,MNAR
DUSP28,15,37.5,16.28084156730423,MNAR
MARCKS,4,10,15.743405837364358,MAR
NMT1,14,35,16.28717440487596,MNAR
PPID,10,25,16.287152143998412,MNAR
CNPY2,4,10,16.033764540680494,MAR
HDGFL2,8,20,16.150060778765564,MNAR
NUBPL,6,15,16.20454548647537,MNAR
RPA2,6,15,16.19074920298113,MNAR
IGFBP5,10,25,16.08034331047095,MNAR
PDPR,9,22.5,16.30506820834668,MNAR
UBE2O,6,15,16.086186319079577,MNAR
LUC7L2,6,15,16.216734531625953,MNAR
WBP2,1,2.5,16.05524326021614,MAR
MCCC2,3,7.5,16.133461733944962,MAR
CBFB,7,17.5,16.222512594972436,MNAR
EPS15L1,4,10,16.171829371118697,MAR
MTARC2,6,15,16.11760444767013,MNAR
COL18A1,5,12.5,16.002614292945953,MAR
ISYNA1,5,12.5,16.1552857941863,MAR
EIF4EBP1,7,17.5,16.120012563565393,MNAR
ACACB,6,15,15.931170023425736,MNAR
RPL18A,4,10,16.196327346930637,MAR
SND1,4,10,16.069820835374713,MAR
DNAJB4,13,32.5,16.139867008585483,MNAR
HLA-DRB1,14,35,15.85025728176465,MNAR
HLA-C,14,35,16.045702707598828,MNAR
APPL1,1,2.5,16.16317535077068,MAR
BTD,0,0,15.767514634616166,Complete
RPL10,2,5,16.123648853727023,MAR
ABHD11,4,10,16.064681953917724,MAR
OSTC,9,22.5,16.137344756330425,MNAR
MAPRE3,6,15,16.16841959675122,MNAR
SLC27A1,8,20,16.185337871986043,MNAR
UGGT1,1,2.5,16.12094989819131,MAR
EIF3I,0,0,16.10066592688819,Complete
HUWE1,2,5,16.135066116434803,MAR
TSFM,6,15,16.01164249789903,MNAR
PGM3,10,25,16.117719221113255,MNAR
EML2,11,27.500000000000004,16.090860807636773,MNAR
ABCE1,0,0,16.086935024453474,Complete
MAP2K2,3,7.5,16.047651846133927,MAR
AKT2,6,15,16.088337276322438,MNAR
AHCYL2,9,22.5,16.083404795441023,MNAR
ATXN10,9,22.5,16.14521620299705,MNAR
CLCC1,8,20,15.940434569609206,MNAR
ANP32E,12,30,15.724909573302137,MNAR
ATP6V1H,2,5,15.762491531811895,MAR
KTN1,12,30,15.77460528968084,MNAR
BCAP29,6,15,16.031037805894467,MNAR
ARPC5L,5,12.5,16.004063879677016,MAR
ATAD1,4,10,16.029375667796224,MAR
GAPVD1,8,20,15.72314617897429,MNAR
ILF2,7,17.5,15.952618047942245,MNAR
ATG3,1,2.5,15.752437820261111,MAR
NTPCR,5,12.5,15.904417746470761,MAR
SEC31A,7,17.5,15.872457894505605,MNAR
MMAB,10,25,15.853483783160824,MNAR
USP24,10,25,16.016977824509706,MNAR
GNAI3,14,35,15.49522396500183,MNAR
PPP2R5D,6,15,15.964754699718856,MNAR
IFITM1,4,10,15.661752662356541,MAR
SLC25A24,11,27.500000000000004,15.820596147974124,MNAR
RPA3,9,22.5,15.818714073820766,MNAR
PHYKPL,9,22.5,15.77549636861947,MNAR
TARS1,10,25,15.807874315502538,MNAR
TACC2,10,25,15.859678175991556,MNAR
UBA2,2,5,15.798753861880654,MAR
SORD,3,7.5,15.596454612570996,MAR
CSNK2B,3,7.5,15.75974148969375,MAR
NDUFAF3,9,22.5,15.76390546401027,MNAR
GSK3B,2,5,15.68221494685887,MAR
GNPDA2,16,40,15.642963712868445,MNAR
GMFB,6,15,15.40984874339124,MAR
TOMM7,14,35,15.432058787629522,MNAR
CHP1,3,7.5,15.625907920446759,MAR
USP7,5,12.5,15.66285887875159,MAR
DCTPP1,13,32.5,15.582723095706111,MNAR
GUK1,3,7.5,15.20450732735256,MAR
MEMO1,6,15,15.634587708358492,MNAR
DNAJA3,12,30,15.453210846092231,MNAR
SPAG7,13,32.5,15.657555674460774,MNAR
BCAM,7,17.5,15.439665711663812,MNAR
SNU13,9,22.5,15.507607434118103,MNAR
NUDT16,4,10,15.580748029178611,MAR
PMPCB,5,12.5,15.590013595343835,MAR
THTPA,8,20,15.573021905710474,MNAR
HGS,4,10,15.48059297961063,MAR
ERO1A,8,20,15.426173253222737,MNAR
UBE2F,11,27.500000000000004,15.392411622281502,MNAR
CHMP5,6,15,15.45488965260657,MNAR
RWDD1,8,20,15.466584138520375,MNAR
NT5C2,11,27.500000000000004,15.431917175127953,MNAR
PACSIN2,2,5,15.25499544614802,MAR
GPHN,9,22.5,15.48838398239254,MNAR
CCDC124,12,30,15.399121851275638,MNAR
GHITM,3,7.5,15.34637774508197,MAR
NUBP1,9,22.5,15.452236647659493,MNAR
GPT2,14,35,15.346522068898878,MNAR
PPP1CC,8,20,15.338159937222185,MNAR
TMPO,3,7.5,15.326196289933995,MAR
FNTA,6,15,15.396549649323822,MAR
SNX6,3,7.5,15.169849193672404,MAR
YARS1,3,7.5,15.353421323653594,MAR
PLEKHF1,6,15,15.344402396344874,MAR
HCCS,9,22.5,15.319534473505591,MNAR
PMPCA,7,17.5,15.277451715335454,MNAR
MRPL49,9,22.5,15.155783473582169,MNAR
BABAM2,15,37.5,15.254813956092034,MNAR
DDRGK1,5,12.5,15.116456463673071,MAR
VPS28,12,30,15.262328918879215,MNAR
FDXR,4,10,15.14876474403605,MAR
SCFD1,5,12.5,15.288487739663603,MAR
GMPR2,12,30,14.957086049353057,MNAR
OSBPL1A,5,12.5,15.206702643410267,MAR
API5,6,15,15.21405047868797,MAR
GMPPB,1,2.5,15.170831343667906,MAR
MRPL46,10,25,15.06145305124182,MNAR
MOB4,8,20,15.220105871993724,MNAR
GORASP2,4,10,15.152265271371103,MAR
DAZAP1,3,7.5,15.096018091498452,MAR
CYGB,11,27.500000000000004,14.855835838524056,MNAR
STAM,6,15,14.929264453619659,MAR
PDXP,14,35,14.720000025187094,MNAR
MAN2C1,10,25,15.13443508347108,MNAR
PPP2CB,8,20,15.080250977364377,MNAR
NTMT1,11,27.500000000000004,15.119585809312712,MNAR
TFRC,8,20,14.960552798941224,MNAR
TPD52L1,8,20,15.026246727366402,MNAR
CHMP6,4,10,15.089475889407737,MAR
SEC24C,5,12.5,15.110238782794575,MAR
PM20D2,4,10,14.931538938732283,MAR
RTRAF,6,15,15.05929321576953,MAR
CRK,5,12.5,14.728669811441913,MAR
KPNA1,5,12.5,14.982920353686794,MAR
DPP7,8,20,14.790059229545195,MNAR
MRPL55,7,17.5,14.832256903398019,MNAR
DAD1,7,17.5,14.89805262012957,MNAR
ABRAXAS2,4,10,14.757654098429985,MAR
DCTN4,8,20,14.7928026373147,MNAR
USP47,11,27.500000000000004,14.818268696498434,MNAR
STT3A,9,22.5,14.645779740511518,MNAR
SPCS1,13,32.5,14.533688017962966,MNAR
MOGS,1,2.5,14.591067767544208,MAR
DCTN3,7,17.5,14.611673008728088,MNAR
RNF126,9,22.5,14.532439832684164,MNAR
UROS,5,12.5,14.453907728429488,MAR
PPCDC,9,22.5,14.405951547616615,MNAR
G3BP1,12,30,14.434866830988055,MNAR
XPO7,2,5,14.444399762276143,MAR
JPT2,6,15,14.363403642200735,MAR
PIP4K2B,8,20,14.258239136823095,MNAR
COPE,11,27.500000000000004,14.03334034269798,MNAR
LSM6,6,15,13.993634051844632,MAR
EIF5B,10,25,14.130796972948414,MNAR
ATP2B1,11,27.500000000000004,13.975984727175835,MNAR
TSC22D1,4,10,13.834398343007068,MAR
NRP1,15,37.5,13.601657919332794,MNAR
RELA,11,27.500000000000004,13.188386779295293,MNAR
